Time[s],Load[kN]
7.6321e-05,-0.0012
0.000188348,-0.0013
0.000237962,-0.0013
0.000276502,-0.0013
0.000312598,-0.0013
0.000350248,-0.0013
0.000385788,-0.0013
0.000421439,-0.0012
0.000456812,-0.0012
0.000494629,-0.0012
0.000531873,-0.0012
0.000567802,-0.0012
0.000604675,-0.0012
0.000640696,-0.0012
0.000676606,-0.0012
0.000712646,-0.0012
0.000748278,-0.0013
0.000785132,-0.0013
0.000810894,-0.0013
0.000833284,-0.0013
0.000855267,-0.0013
0.000877547,-0.0012
0.000899196,-0.0012
0.00092092,-0.0012
0.000942662,-0.0012
0.000964479,-0.0012
0.000986703,-0.0013
0.00100989,-0.0013
0.00103261,-0.0013
0.0010558,-0.0013
0.00107869,-0.0013
0.00110132,-0.0013
0.00112423,-0.0013
0.0011516,-0.0012
0.00117501,-0.0011
0.00119798,-0.0011
0.0163396,-0.0012
0.0163906,-0.0012
0.0164294,-0.0012
0.0164671,-0.0011
0.016505,-0.0011
0.0165425,-0.0012
0.0166145,-0.0013
0.0166537,-0.0013
0.0166912,-0.0014
0.0167282,-0.0013
0.0167652,-0.0013
0.0168018,-0.0012
0.0168388,-0.0012
0.0168758,-0.0013
0.0169125,-0.0013
0.0169491,-0.0014
0.0169863,-0.0014
0.0170229,-0.0013
0.0170608,-0.0012
0.0170976,-0.0011
0.0171342,-0.0011
0.0171709,-0.0012
0.0172075,-0.0012
0.0172441,-0.0012
0.0172811,-0.0012
0.017318,-0.0012
0.0173554,-0.0013
0.0174242,-0.0013
0.0174628,-0.0013
0.0175305,-0.0012
0.0175686,-0.0012
0.0176058,-0.0012
0.0176431,-0.0012
0.0176816,-0.0012
0.0177187,-0.0012
0.074158,-0.0012
0.0741998,-0.0012
0.0742356,-0.0012
0.0742714,-0.0013
0.0743091,-0.0013
0.0743453,-0.0013
0.0743827,-0.0012
0.07442,-0.0011
0.0744562,-0.0011
0.0744925,-0.0012
0.0745322,-0.0012
0.074568,-0.0013
0.074603,-0.0013
0.0746381,-0.0013
0.0746736,-0.0013
0.0747087,-0.0012
0.0747439,-0.0012
0.0747805,-0.0012
0.074816,-0.0012
0.0748513,-0.0012
0.0748866,-0.0012
0.0749218,-0.0011
0.0749537,-0.0012
0.0749772,-0.0012
0.0749992,-0.0012
0.0750211,-0.0013
0.0750432,-0.0013
0.0750655,-0.0012
0.0750882,-0.0012
0.0751104,-0.0012
0.0751324,-0.0012
0.0751548,-0.0012
0.0751771,-0.0012
0.0751993,-0.0012
0.0752217,-0.0012
0.0752439,-0.0011
0.133101,-0.0011
0.133142,-0.0012
0.133178,-0.0012
0.133213,-0.0013
0.133249,-0.0013
0.133284,-0.0013
0.133319,-0.0013
0.133354,-0.0013
0.133425,-0.0013
0.133462,-0.0013
0.133498,-0.0012
0.133533,-0.0012
0.133569,-0.0012
0.133604,-0.0013
0.133639,-0.0013
0.133674,-0.0013
0.133709,-0.0013
0.133745,-0.0012
0.13378,-0.0012
0.133816,-0.0012
0.133851,-0.0012
0.133886,-0.0012
0.133957,-0.0012
0.133993,-0.0011
0.134028,-0.0011
0.134063,-0.0012
0.134101,-0.0012
0.134137,-0.0013
0.134173,-0.0013
0.134208,-0.0013
0.134244,-0.0012
0.13428,-0.0013
0.134316,-0.0013
0.134352,-0.0013
0.134388,-0.0013
0.192004,-0.0012
0.19205,-0.0012
0.192086,-0.0012
0.192122,-0.0012
0.192158,-0.0012
0.192193,-0.0012
0.192229,-0.0011
0.192265,-0.0011
0.192302,-0.0011
0.192338,-0.0012
0.192373,-0.0013
0.192408,-0.0013
0.192443,-0.0013
0.192479,-0.0012
0.192514,-0.0012
0.192549,-0.0012
0.192584,-0.0012
0.19262,-0.0012
0.192655,-0.0012
0.192691,-0.0012
0.192726,-0.0012
0.192761,-0.0012
0.192798,-0.0012
0.192834,-0.0012
0.192869,-0.0012
0.192904,-0.0012
0.19294,-0.0012
0.192976,-0.0012
0.193012,-0.0012
0.193048,-0.0012
0.193084,-0.0012
0.19312,-0.0012
0.193155,-0.0012
0.193191,-0.0011
0.193227,-0.0011
0.251241,-0.0011
0.25127,-0.0012
0.251293,-0.0012
0.251314,-0.0013
0.251336,-0.0013
0.251358,-0.0013
0.251379,-0.0012
0.251401,-0.0013
0.251423,-0.0013
0.251444,-0.0013
0.251466,-0.0013
0.251487,-0.0012
0.251509,-0.0012
0.25153,-0.0012
0.251552,-0.0012
0.251574,-0.0012
0.251595,-0.0012
0.251617,-0.0011
0.251638,-0.0011
0.25166,-0.0011
0.251682,-0.0012
0.251703,-0.0012
0.251725,-0.0013
0.251746,-0.0013
0.251769,-0.0013
0.251791,-0.0012
0.251812,-0.0012
0.251835,-0.0013
0.251857,-0.0013
0.25188,-0.0013
0.251902,-0.0012
0.251924,-0.0012
0.251946,-0.0012
0.251969,-0.0012
0.251991,-0.0012
0.252013,-0.0012
0.31016,-0.0012
0.310208,-0.0013
0.310246,-0.0013
0.310283,-0.0012
0.310318,-0.0012
0.310354,-0.0012
0.310389,-0.0012
0.310424,-0.0012
0.310459,-0.0012
0.310495,-0.0012
0.31053,-0.0012
0.310565,-0.0012
0.310601,-0.0012
0.310636,-0.0011
0.310671,-0.0011
0.310706,-0.0011
0.310741,-0.0012
0.310776,-0.0012
0.310812,-0.0013
0.310847,-0.0013
0.310882,-0.0013
0.310917,-0.0013
0.310952,-0.0013
0.310988,-0.0013
0.311023,-0.0013
0.311059,-0.0013
0.311094,-0.0012
0.31113,-0.0012
0.311166,-0.0012
0.311201,-0.0012
0.311237,-0.0013
0.311273,-0.0013
0.311311,-0.0013
0.311346,-0.0013
0.311382,-0.0013
0.372744,-0.0013
0.372848,-0.0012
0.372886,-0.0012
0.372923,-0.0012
0.372961,-0.0013
0.372998,-0.0012
0.373037,-0.0012
0.373076,-0.0012
0.373113,-0.0012
0.373261,-0.0011
0.373308,-0.0011
0.373345,-0.001
0.373429,-0.0011
0.373488,-0.0011
0.373527,-0.0011
0.373564,-0.0011
0.373604,-0.0011
0.37364,-0.0012
0.373676,-0.0012
0.373714,-0.0013
0.373755,-0.0013
0.373793,-0.0013
0.373831,-0.0013
0.373868,-0.0013
0.373905,-0.0013
0.373942,-0.0013
0.373979,-0.0013
0.37402,-0.0013
0.37406,-0.0013
0.374098,-0.0013
0.37418,-0.0012
0.374238,-0.0013
0.374418,-0.0013
0.374469,-0.0012
0.374507,-0.0012
0.374544,-0.0012
0.428485,-0.0013
0.428529,-0.0013
0.428566,-0.0013
0.428602,-0.0013
0.428637,-0.0012
0.428673,-0.0012
0.428709,-0.0011
0.428746,-0.0011
0.428782,-0.0011
0.428817,-0.0012
0.428853,-0.0012
0.428888,-0.0012
0.428923,-0.0012
0.428959,-0.0012
0.428994,-0.0012
0.429029,-0.0011
0.429065,-0.0012
0.4291,-0.0012
0.429135,-0.0012
0.42917,-0.0013
0.429206,-0.0012
0.429242,-0.0012
0.429277,-0.0012
0.429315,-0.0013
0.429351,-0.0013
0.429448,-0.0012
0.429495,-0.0012
0.429532,-0.0012
0.429568,-0.0012
0.429604,-0.0013
0.42964,-0.0013
0.429677,-0.0013
0.429714,-0.0013
0.42975,-0.0013
0.432427,-0.0013
0.487581,-0.0012
0.487622,-0.0011
0.487658,-0.0012
0.487693,-0.0012
0.487728,-0.0013
0.487764,-0.0014
0.487799,-0.0014
0.487835,-0.0013
0.487871,-0.0013
0.487907,-0.0012
0.487942,-0.0012
0.487977,-0.0012
0.488013,-0.0012
0.488048,-0.0013
0.488084,-0.0013
0.488119,-0.0013
0.488154,-0.0013
0.488189,-0.0012
0.488225,-0.0012
0.48826,-0.0011
0.488295,-0.0011
0.48833,-0.0011
0.488365,-0.0012
0.4884,-0.0012
0.488435,-0.0012
0.488471,-0.0013
0.488506,-0.0013
0.488544,-0.0013
0.48858,-0.0013
0.488617,-0.0013
0.488653,-0.0013
0.488689,-0.0013
0.488724,-0.0013
0.48876,-0.0012
0.488796,-0.0012
0.488832,-0.0013
0.54648,-0.0013
0.54652,-0.0013
0.546555,-0.0013
0.546591,-0.0013
0.546626,-0.0013
0.546662,-0.0013
0.546697,-0.0013
0.546732,-0.0012
0.546768,-0.0012
0.546803,-0.0012
0.546838,-0.0012
0.546873,-0.0013
0.546909,-0.0013
0.546944,-0.0013
0.54698,-0.0012
0.547015,-0.0012
0.54705,-0.0012
0.547085,-0.0013
0.547121,-0.0012
0.547156,-0.0012
0.547191,-0.0012
0.547227,-0.0012
0.547264,-0.0013
0.547299,-0.0013
0.547334,-0.0013
0.54737,-0.0013
0.547406,-0.0013
0.547442,-0.0013
0.547478,-0.0013
0.547513,-0.0013
0.54755,-0.0012
0.547585,-0.0012
0.547621,-0.0012
0.547657,-0.0012
0.547693,-0.0012
0.605393,-0.0012
0.60544,-0.0012
0.605476,-0.0012
0.605511,-0.0012
0.605547,-0.0012
0.605582,-0.0012
0.605617,-0.0012
0.605653,-0.0012
0.605688,-0.0012
0.605723,-0.0012
0.605758,-0.0012
0.605793,-0.0013
0.605829,-0.0013
0.605864,-0.0013
0.605899,-0.0013
0.605934,-0.0012
0.605971,-0.0012
0.606007,-0.0011
0.606042,-0.0012
0.606078,-0.0012
0.606113,-0.0013
0.606149,-0.0013
0.606185,-0.0012
0.60622,-0.0012
0.606255,-0.0012
0.60629,-0.0012
0.606326,-0.0013
0.606362,-0.0013
0.606398,-0.0012
0.606434,-0.0011
0.60647,-0.0011
0.606508,-0.0012
0.606544,-0.0012
0.60658,-0.0013
0.606616,-0.0012
0.664614,-0.0012
0.664663,-0.0013
0.6647,-0.0013
0.664735,-0.0013
0.66477,-0.0012
0.664806,-0.0012
0.664841,-0.0012
0.664877,-0.0012
0.664913,-0.0012
0.664948,-0.0013
0.664983,-0.0013
0.665018,-0.0013
0.665053,-0.0013
0.665089,-0.0013
0.665124,-0.0013
0.665159,-0.0013
0.665195,-0.0012
0.66523,-0.0012
0.665265,-0.0012
0.665301,-0.0013
0.665336,-0.0014
0.665371,-0.0013
0.665436,-0.0013
0.665471,-0.0013
0.665507,-0.0013
0.665541,-0.0013
0.665577,-0.0013
0.665613,-0.0013
0.665649,-0.0013
0.665685,-0.0012
0.665721,-0.0012
0.665758,-0.0012
0.665793,-0.0012
0.665829,-0.0012
0.665865,-0.0013
0.665902,-0.0013
0.723528,-0.0013
0.723568,-0.0013
0.723604,-0.0013
0.72364,-0.0013
0.723675,-0.0012
0.72371,-0.0012
0.723746,-0.0013
0.723781,-0.0013
0.723816,-0.0014
0.723851,-0.0014
0.723887,-0.0013
0.723922,-0.0013
0.723957,-0.0013
0.723993,-0.0013
0.724028,-0.0013
0.724063,-0.0013
0.7241,-0.0012
0.724136,-0.0012
0.72417,-0.0012
0.724206,-0.0012
0.724241,-0.0013
0.724276,-0.0013
0.724311,-0.0012
0.724346,-0.0012
0.724378,-0.0012
0.724402,-0.0012
0.724424,-0.0012
0.724447,-0.0012
0.724469,-0.0012
0.724491,-0.0012
0.724513,-0.0012
0.724535,-0.0012
0.724557,-0.0012
0.72458,-0.0012
0.724602,-0.0011
0.782762,-0.0011
0.782803,-0.0012
0.782839,-0.0012
0.782875,-0.0012
0.78291,-0.0012
0.782946,-0.0013
0.782981,-0.0013
0.783016,-0.0013
0.783051,-0.0013
0.783087,-0.0013
0.783122,-0.0013
0.783158,-0.0013
0.783196,-0.0012
0.783231,-0.0012
0.783266,-0.0013
0.783301,-0.0013
0.783337,-0.0013
0.783416,-0.0013
0.783453,-0.0013
0.783488,-0.0013
0.783524,-0.0013
0.783559,-0.0014
0.783595,-0.0014
0.78363,-0.0014
0.783665,-0.0013
0.7837,-0.0013
0.783735,-0.0013
0.783772,-0.0013
0.783808,-0.0012
0.783843,-0.0012
0.783881,-0.0012
0.783916,-0.0013
0.783952,-0.0013
0.783988,-0.0013
0.784024,-0.0013
0.784061,-0.0012
0.841663,-0.0012
0.841689,-0.0012
0.841711,-0.0013
0.841732,-0.0014
0.841754,-0.0013
0.841776,-0.0013
0.841797,-0.0012
0.841819,-0.0012
0.84184,-0.0012
0.841862,-0.0011
0.841883,-0.0011
0.841905,-0.0012
0.841926,-0.0012
0.841948,-0.0012
0.841969,-0.0012
0.841991,-0.0012
0.842012,-0.0012
0.842034,-0.0012
0.842056,-0.0012
0.842077,-0.0012
0.842099,-0.0013
0.84212,-0.0013
0.842142,-0.0013
0.842163,-0.0014
0.842184,-0.0014
0.842206,-0.0014
0.842229,-0.0013
0.842251,-0.0013
0.842273,-0.0012
0.842295,-0.0012
0.842318,-0.0012
0.84234,-0.0012
0.842362,-0.0012
0.842384,-0.0012
0.842406,-0.0012
0.900918,-0.0012
0.900959,-0.0012
0.900995,-0.0012
0.90103,-0.0013
0.901066,-0.0013
0.901101,-0.0013
0.901137,-0.0012
0.901172,-0.0012
0.901207,-0.0012
0.901243,-0.0012
0.901278,-0.0012
0.901313,-0.0012
0.901349,-0.0012
0.901408,-0.0013
0.901446,-0.0013
0.901482,-0.0013
0.901517,-0.0013
0.901553,-0.0013
0.901589,-0.0013
0.901624,-0.0013
0.901659,-0.0013
0.901695,-0.0013
0.901731,-0.0013
0.901766,-0.0013
0.901801,-0.0013
0.901836,-0.0012
0.901872,-0.0013
0.901908,-0.0013
0.901944,-0.0013
0.901979,-0.0013
0.902015,-0.0013
0.902051,-0.0012
0.902086,-0.0013
0.902123,-0.0013
0.902159,-0.0013
0.902195,-0.0013
0.959826,-0.0012
0.959871,-0.0012
0.959907,-0.0012
0.959943,-0.0011
0.959978,-0.0011
0.960013,-0.0011
0.960049,-0.0012
0.960084,-0.0012
0.960119,-0.0012
0.960155,-0.0012
0.960191,-0.0012
0.960226,-0.0012
0.960262,-0.0012
0.960298,-0.0012
0.960333,-0.0012
0.960368,-0.0012
0.960405,-0.0012
0.96044,-0.0013
0.960476,-0.0013
0.960512,-0.0013
0.960548,-0.0012
0.960583,-0.0012
0.960618,-0.0012
0.960654,-0.0012
0.960689,-0.0012
0.960725,-0.0012
0.960762,-0.0012
0.960798,-0.0012
0.960834,-0.0012
0.96087,-0.0012
0.960906,-0.0012
0.960942,-0.0011
0.960978,-0.0011
0.961013,-0.0011
0.961049,-0.0011
1.01875,-0.0012
1.01879,-0.0012
1.01883,-0.0012
1.01886,-0.0012
1.0189,-0.0012
1.01893,-0.0012
1.01897,-0.0013
1.019,-0.0013
1.01904,-0.0013
1.01907,-0.0012
1.01911,-0.0012
1.01914,-0.0012
1.01918,-0.0012
1.01921,-0.0012
1.01925,-0.0012
1.01928,-0.0012
1.01932,-0.0012
1.01936,-0.0012
1.01939,-0.0012
1.01943,-0.0013
1.01946,-0.0013
1.0195,-0.0013
1.01953,-0.0013
1.01957,-0.0013
1.0196,-0.0013
1.01964,-0.0013
1.01967,-0.0013
1.01971,-0.0013
1.01975,-0.0013
1.01978,-0.0012
1.01982,-0.0013
1.01985,-0.0013
1.01989,-0.0012
1.01993,-0.0012
1.01996,-0.0012
1.07797,-0.0012
1.07802,-0.0012
1.07806,-0.0012
1.07809,-0.0012
1.07813,-0.0012
1.07816,-0.0012
1.0782,-0.0012
1.07823,-0.0012
1.07827,-0.0013
1.0783,-0.0013
1.07834,-0.0013
1.07837,-0.0013
1.07841,-0.0013
1.07845,-0.0013
1.07848,-0.0013
1.07852,-0.0013
1.07855,-0.0013
1.07859,-0.0013
1.07862,-0.0013
1.07866,-0.0013
1.07869,-0.0013
1.07873,-0.0012
1.07876,-0.0011
1.0788,-0.001
1.07883,-0.0011
1.07887,-0.0012
1.07891,-0.0012
1.07894,-0.0012
1.07898,-0.0012
1.07902,-0.0012
1.07905,-0.0012
1.07909,-0.0012
1.07912,-0.0012
1.07916,-0.0013
1.07919,-0.0013
1.07923,-0.0013
1.1369,-0.0013
1.13694,-0.0013
1.13698,-0.0013
1.13701,-0.0013
1.13705,-0.0013
1.13709,-0.0013
1.13712,-0.0012
1.13716,-0.0012
1.13719,-0.0012
1.13723,-0.0012
1.13726,-0.0012
1.13728,-0.0012
1.1373,-0.0012
1.13732,-0.0013
1.13734,-0.0013
1.13737,-0.0012
1.13741,-0.0012
1.13744,-0.0011
1.13746,-0.0011
1.13748,-0.0012
1.1375,-0.0012
1.13752,-0.0012
1.13754,-0.0013
1.13757,-0.0012
1.13759,-0.0012
1.13761,-0.0012
1.13763,-0.0012
1.13765,-0.0013
1.13768,-0.0013
1.1377,-0.0013
1.13772,-0.0012
1.13774,-0.0012
1.13776,-0.0012
1.13779,-0.0012
1.13781,-0.0012
1.19618,-0.0012
1.19625,-0.0012
1.19631,-0.0012
1.19638,-0.0012
1.19644,-0.0013
1.1965,-0.0013
1.19657,-0.0013
1.19663,-0.0013
1.1967,-0.0013
1.19676,-0.0012
1.19682,-0.0012
1.19689,-0.0013
1.19695,-0.0012
1.19701,-0.0012
1.19708,-0.0012
1.19714,-0.0012
1.1972,-0.0013
1.19727,-0.0013
1.19733,-0.0013
1.19742,-0.0013
1.19749,-0.0013
1.19756,-0.0012
1.19762,-0.0012
1.19768,-0.0012
1.19775,-0.0012
1.19781,-0.0012
1.19787,-0.0012
1.19794,-0.0013
1.198,-0.0013
1.19807,-0.0013
1.19813,-0.0013
1.1982,-0.0013
1.19826,-0.0013
1.19832,-0.0013
1.19839,-0.0013
1.19845,-0.0012
1.25511,-0.0013
1.25518,-0.0013
1.25525,-0.0013
1.25531,-0.0014
1.25537,-0.0014
1.25544,-0.0013
1.2555,-0.0013
1.25556,-0.0013
1.25563,-0.0012
1.25569,-0.0012
1.25576,-0.0011
1.25582,-0.0011
1.25589,-0.0011
1.25595,-0.0012
1.25601,-0.0013
1.25608,-0.0013
1.25614,-0.0012
1.2562,-0.0012
1.25627,-0.0012
1.25633,-0.0012
1.25639,-0.0012
1.25646,-0.0011
1.25652,-0.0011
1.25658,-0.0011
1.25665,-0.0011
1.25671,-0.0012
1.25678,-0.0011
1.25684,-0.0012
1.25691,-0.0011
1.25697,-0.0011
1.25704,-0.0011
1.2571,-0.0012
1.25717,-0.0012
1.25723,-0.0014
1.2573,-0.0014
1.31434,-0.0014
1.31439,-0.0014
1.31443,-0.0013
1.31448,-0.0013
1.31452,-0.0012
1.31456,-0.0012
1.31461,-0.0012
1.31465,-0.0012
1.31469,-0.0012
1.31473,-0.0012
1.31478,-0.0011
1.31482,-0.0012
1.31486,-0.0012
1.31491,-0.0012
1.31495,-0.0013
1.31499,-0.0013
1.31503,-0.0013
1.31508,-0.0013
1.31512,-0.0014
1.31516,-0.0014
1.31521,-0.0013
1.31525,-0.0013
1.31529,-0.0012
1.31533,-0.0012
1.31538,-0.0012
1.31542,-0.0011
1.31546,-0.0011
1.31551,-0.0011
1.31555,-0.0012
1.31559,-0.0013
1.31564,-0.0013
1.31568,-0.0013
1.31573,-0.0013
1.31577,-0.0013
1.31581,-0.0013
1.31586,-0.0013
1.37327,-0.0013
1.37335,-0.0013
1.37346,-0.0013
1.37353,-0.0013
1.3736,-0.0013
1.37367,-0.0013
1.37374,-0.0013
1.37381,-0.0013
1.37388,-0.0013
1.37395,-0.0012
1.37402,-0.0012
1.3741,-0.0012
1.37417,-0.0012
1.37424,-0.0013
1.37431,-0.0013
1.37438,-0.0013
1.37445,-0.0013
1.37452,-0.0013
1.37459,-0.0013
1.37466,-0.0013
1.37473,-0.0014
1.3748,-0.0013
1.37487,-0.0013
1.37494,-0.0012
1.37501,-0.0012
1.37508,-0.0012
1.37516,-0.0012
1.37523,-0.0013
1.3753,-0.0013
1.37537,-0.0013
1.37544,-0.0013
1.37551,-0.0013
1.37559,-0.0013
1.37566,-0.0013
1.37573,-0.0013
1.43218,-0.0012
1.43226,-0.0013
1.43233,-0.0014
1.4324,-0.0014
1.43247,-0.0014
1.43255,-0.0013
1.43262,-0.0012
1.43269,-0.0011
1.43276,-0.0011
1.43283,-0.0011
1.4329,-0.0011
1.43297,-0.0011
1.43304,-0.0012
1.43311,-0.0013
1.43318,-0.0014
1.43325,-0.0014
1.43332,-0.0014
1.43343,-0.0014
1.4335,-0.0013
1.43357,-0.0012
1.43364,-0.0011
1.43371,-0.0011
1.43378,-0.0011
1.43385,-0.0011
1.43392,-0.0012
1.43399,-0.0012
1.43406,-0.0012
1.43414,-0.0012
1.43421,-0.0012
1.43428,-0.0012
1.43435,-0.0012
1.43442,-0.0012
1.4345,-0.0013
1.43457,-0.0013
1.43464,-0.0012
1.4914,-0.0012
1.49149,-0.0012
1.49156,-0.0012
1.49163,-0.0012
1.4917,-0.0012
1.49177,-0.0012
1.49184,-0.0011
1.49191,-0.0011
1.49198,-0.0011
1.49205,-0.0012
1.49213,-0.0012
1.4922,-0.0012
1.49227,-0.0012
1.49234,-0.0012
1.49241,-0.0012
1.49248,-0.0012
1.49255,-0.0013
1.49262,-0.0013
1.49269,-0.0013
1.49276,-0.0012
1.49283,-0.0012
1.4929,-0.0013
1.49297,-0.0012
1.49304,-0.0012
1.49311,-0.0012
1.49318,-0.0012
1.49325,-0.0012
1.49333,-0.0013
1.49345,-0.0013
1.49352,-0.0013
1.4936,-0.0013
1.49367,-0.0012
1.49374,-0.0012
1.49381,-0.0012
1.49388,-0.0012
1.49396,-0.0012
1.55033,-0.0012
1.55038,-0.0012
1.55042,-0.0012
1.55047,-0.0012
1.55051,-0.0012
1.55055,-0.0013
1.5506,-0.0013
1.55064,-0.0013
1.55068,-0.0013
1.55073,-0.0013
1.55077,-0.0014
1.55081,-0.0013
1.55086,-0.0013
1.5509,-0.0012
1.55094,-0.0013
1.55098,-0.0012
1.55103,-0.0012
1.55107,-0.0012
1.55111,-0.0013
1.55116,-0.0013
1.5512,-0.0013
1.55124,-0.0012
1.55128,-0.0012
1.55133,-0.0011
1.55137,-0.0011
1.55141,-0.0012
1.55146,-0.0012
1.5515,-0.0012
1.55155,-0.0011
1.55159,-0.0011
1.55163,-0.0012
1.55168,-0.0012
1.55172,-0.0012
1.55177,-0.0012
1.55181,-0.0012
1.60957,-0.0012
1.60965,-0.0012
1.60972,-0.0012
1.60979,-0.0013
1.60986,-0.0012
1.60994,-0.0012
1.61001,-0.0012
1.61008,-0.0012
1.61015,-0.0013
1.61022,-0.0013
1.61029,-0.0013
1.61036,-0.0014
1.61043,-0.0014
1.6105,-0.0014
1.61057,-0.0014
1.61064,-0.0014
1.61071,-0.0013
1.61078,-0.0013
1.61085,-0.0012
1.61092,-0.0012
1.61099,-0.0012
1.61106,-0.0012
1.61113,-0.0013
1.6112,-0.0013
1.61127,-0.0013
1.61134,-0.0013
1.61141,-0.0013
1.61149,-0.0013
1.61156,-0.0013
1.61163,-0.0013
1.6117,-0.0012
1.61178,-0.0012
1.61185,-0.0012
1.61202,-0.0012
1.61209,-0.0012
1.61216,-0.0012
1.66849,-0.0012
1.66857,-0.0012
1.66865,-0.0012
1.66872,-0.0012
1.66879,-0.0012
1.66886,-0.0012
1.66893,-0.0012
1.669,-0.0012
1.66907,-0.0012
1.66914,-0.0013
1.66921,-0.0013
1.66928,-0.0014
1.66935,-0.0013
1.66946,-0.0013
1.66953,-0.0013
1.66961,-0.0012
1.66968,-0.0012
1.66975,-0.0012
1.66982,-0.0013
1.66989,-0.0013
1.66996,-0.0013
1.67003,-0.0013
1.6701,-0.0013
1.67017,-0.0012
1.67024,-0.0012
1.67031,-0.0012
1.67039,-0.0012
1.67046,-0.0013
1.67053,-0.0012
1.6706,-0.0012
1.67067,-0.0011
1.67075,-0.0011
1.67082,-0.0012
1.67089,-0.0012
1.67096,-0.0012
1.72772,-0.0013
1.72779,-0.0013
1.72786,-0.0013
1.72794,-0.0012
1.72801,-0.0012
1.72808,-0.0012
1.72815,-0.0013
1.72822,-0.0013
1.72829,-0.0013
1.72836,-0.0013
1.72843,-0.0013
1.7285,-0.0012
1.72857,-0.0012
1.72864,-0.0011
1.72871,-0.0011
1.72878,-0.0011
1.72885,-0.0011
1.72892,-0.0012
1.72899,-0.0013
1.72906,-0.0013
1.72913,-0.0013
1.72921,-0.0013
1.72928,-0.0013
1.72935,-0.0012
1.72947,-0.0012
1.72954,-0.0013
1.72961,-0.0013
1.72968,-0.0013
1.72975,-0.0013
1.72983,-0.0014
1.7299,-0.0014
1.72997,-0.0014
1.73004,-0.0014
1.73012,-0.0013
1.73019,-0.0013
1.73026,-0.0013
1.78663,-0.0013
1.78668,-0.0013
1.78674,-0.0013
1.78679,-0.0012
1.78685,-0.0012
1.7869,-0.0012
1.78694,-0.0012
1.78699,-0.0012
1.78704,-0.0012
1.78709,-0.0012
1.78714,-0.0012
1.78719,-0.0012
1.78724,-0.0012
1.78729,-0.0012
1.78734,-0.0012
1.78739,-0.0012
1.78743,-0.0012
1.78748,-0.0012
1.78753,-0.0012
1.78758,-0.0012
1.78762,-0.0012
1.78767,-0.0013
1.78772,-0.0013
1.78777,-0.0012
1.78782,-0.0012
1.78787,-0.0012
1.78792,-0.0012
1.78797,-0.0012
1.78802,-0.0013
1.78807,-0.0013
1.78812,-0.0014
1.78817,-0.0014
1.78821,-0.0013
1.78826,-0.0013
1.78831,-0.0012
1.84946,-0.0012
1.84959,-0.0012
1.84968,-0.0012
1.84976,-0.0012
1.84984,-0.0013
1.84992,-0.0014
1.84999,-0.0014
1.85007,-0.0014
1.85015,-0.0014
1.85023,-0.0013
1.85032,-0.0013
1.8504,-0.0013
1.85048,-0.0013
1.85056,-0.0013
1.85064,-0.0013
1.85072,-0.0013
1.8508,-0.0012
1.85088,-0.0012
1.85096,-0.0012
1.85103,-0.0012
1.85111,-0.0012
1.85119,-0.0012
1.85127,-0.0013
1.85135,-0.0013
1.85143,-0.0013
1.85151,-0.0013
1.85159,-0.0013
1.85167,-0.0012
1.85175,-0.0012
1.85183,-0.0011
1.85191,-0.0012
1.852,-0.0012
1.85208,-0.0012
1.85216,-0.0012
1.85224,-0.0011
1.90478,-0.0011
1.90487,-0.0012
1.90494,-0.0012
1.90501,-0.0012
1.90508,-0.0012
1.90515,-0.0012
1.90522,-0.0012
1.90529,-0.0012
1.90536,-0.0012
1.9055,-0.0012
1.90557,-0.0012
1.90564,-0.0012
1.90571,-0.0013
1.90578,-0.0013
1.90585,-0.0014
1.90593,-0.0013
1.906,-0.0013
1.90607,-0.0013
1.90613,-0.0013
1.90621,-0.0012
1.90628,-0.0012
1.90635,-0.0012
1.90642,-0.0013
1.90649,-0.0013
1.90656,-0.0013
1.90663,-0.0012
1.9067,-0.0011
1.90678,-0.001
1.90685,-0.001
1.90692,-0.0011
1.90699,-0.0012
1.90706,-0.0013
1.90714,-0.0014
1.90721,-0.0013
1.90728,-0.0013
1.90735,-0.0012
1.96367,-0.0012
1.96375,-0.0011
1.96383,-0.0011
1.9639,-0.0011
1.96397,-0.0011
1.96404,-0.0012
1.96411,-0.0012
1.96418,-0.0012
1.96425,-0.0012
1.96432,-0.0012
1.96439,-0.0012
1.96446,-0.0012
1.96453,-0.0012
1.9646,-0.0013
1.96467,-0.0014
1.96474,-0.0014
1.96481,-0.0014
1.96488,-0.0014
1.96495,-0.0014
1.96503,-0.0013
1.96509,-0.0013
1.96516,-0.0012
1.96523,-0.0012
1.9653,-0.0013
1.96537,-0.0013
1.96548,-0.0013
1.96553,-0.0013
1.96558,-0.0012
1.96562,-0.0012
1.96566,-0.0013
1.96571,-0.0013
1.96575,-0.0013
1.9658,-0.0013
1.96584,-0.0012
1.96589,-0.0013
2.02294,-0.0014
2.02302,-0.0014
2.02309,-0.0014
2.02316,-0.0013
2.02323,-0.0012
2.0233,-0.0012
2.02337,-0.0012
2.02344,-0.0012
2.02351,-0.0011
2.02358,-0.0011
2.02365,-0.0011
2.02372,-0.0011
2.02379,-0.0011
2.02386,-0.0011
2.02393,-0.0012
2.024,-0.0012
2.02407,-0.0012
2.02414,-0.0012
2.02421,-0.0013
2.02428,-0.0012
2.02435,-0.0012
2.02442,-0.0013
2.02449,-0.0013
2.02456,-0.0013
2.02464,-0.0013
2.02471,-0.0013
2.02478,-0.0013
2.02485,-0.0013
2.02492,-0.0013
2.02499,-0.0013
2.02507,-0.0013
2.02514,-0.0011
2.02521,-0.001
2.02529,-0.001
2.02536,-0.0011
2.02548,-0.0011
2.08527,-0.0012
2.08537,-0.0012
2.08546,-0.0013
2.08551,-0.0014
2.08555,-0.0014
2.08562,-0.0014
2.08567,-0.0014
2.08572,-0.0014
2.08576,-0.0014
2.08581,-0.0014
2.08585,-0.0013
2.0859,-0.0013
2.08595,-0.0013
2.08599,-0.0013
2.08604,-0.0012
2.08608,-0.0012
2.08612,-0.0012
2.08617,-0.0013
2.08621,-0.0013
2.08625,-0.0013
2.08629,-0.0013
2.08634,-0.0013
2.08638,-0.0013
2.08642,-0.0014
2.08647,-0.0014
2.08651,-0.0014
2.08655,-0.0014
2.0866,-0.0013
2.08664,-0.0013
2.08669,-0.0012
2.08675,-0.0012
2.08684,-0.0012
2.08691,-0.0012
2.08698,-0.0012
2.08704,-0.0012
2.1411,-0.0012
2.14119,-0.0011
2.14128,-0.001
2.14136,-0.0011
2.14148,-0.0011
2.14156,-0.0012
2.14164,-0.0013
2.14172,-0.0014
2.1418,-0.0013
2.14188,-0.0013
2.14196,-0.0013
2.14204,-0.0012
2.14211,-0.0012
2.14219,-0.0012
2.14227,-0.0012
2.14235,-0.0012
2.14243,-0.0012
2.14251,-0.0012
2.14259,-0.0012
2.14267,-0.0012
2.14275,-0.0012
2.14283,-0.0012
2.14291,-0.0013
2.14299,-0.0013
2.14306,-0.0013
2.14311,-0.0013
2.14316,-0.0013
2.14321,-0.0013
2.14326,-0.0013
2.14331,-0.0013
2.14336,-0.0012
2.14341,-0.0012
2.14346,-0.0012
2.14351,-0.0012
2.14356,-0.0013
2.14361,-0.0013
2.20002,-0.0013
2.2001,-0.0012
2.20018,-0.0012
2.20025,-0.0012
2.20032,-0.0012
2.20039,-0.0012
2.20046,-0.0012
2.20053,-0.0012
2.2006,-0.0012
2.20067,-0.0012
2.20074,-0.0012
2.20081,-0.0012
2.20088,-0.0011
2.20095,-0.0011
2.20102,-0.0011
2.2011,-0.0011
2.20117,-0.0011
2.20124,-0.0011
2.20131,-0.0011
2.20141,-0.0012
2.20149,-0.0012
2.20157,-0.0012
2.20164,-0.0012
2.20171,-0.0012
2.20178,-0.0012
2.20185,-0.0012
2.2019,-0.0012
2.20194,-0.0012
2.20199,-0.0013
2.20203,-0.0012
2.20208,-0.0011
2.20212,-0.0011
2.20217,-0.0011
2.20221,-0.0012
2.20225,-0.0012
2.2589,-0.0012
2.25899,-0.0012
2.25906,-0.0012
2.25914,-0.0013
2.25921,-0.0013
2.25928,-0.0013
2.25935,-0.0013
2.25942,-0.0013
2.25949,-0.0013
2.25956,-0.0013
2.25963,-0.0014
2.2597,-0.0013
2.25977,-0.0013
2.25984,-0.0012
2.25991,-0.0011
2.25998,-0.001
2.26006,-0.0011
2.26013,-0.0012
2.2602,-0.0013
2.26027,-0.0013
2.26034,-0.0012
2.26041,-0.0011
2.26048,-0.0011
2.26055,-0.0011
2.26062,-0.0012
2.26069,-0.0012
2.26076,-0.0013
2.26083,-0.0013
2.2609,-0.0014
2.26098,-0.0014
2.26105,-0.0013
2.26112,-0.0013
2.26119,-0.0012
2.26126,-0.0012
2.26133,-0.0012
2.31814,-0.0012
2.31822,-0.0012
2.31829,-0.0013
2.31836,-0.0013
2.31843,-0.0012
2.31848,-0.0012
2.31852,-0.0012
2.31856,-0.0011
2.3186,-0.0011
2.31865,-0.0012
2.31869,-0.0012
2.31873,-0.0013
2.31878,-0.0013
2.31882,-0.0013
2.31886,-0.0013
2.31891,-0.0013
2.31895,-0.0012
2.31899,-0.0012
2.31904,-0.0012
2.31908,-0.0012
2.31912,-0.0012
2.31916,-0.0013
2.31921,-0.0013
2.31925,-0.0012
2.31929,-0.0012
2.31934,-0.0012
2.31938,-0.0012
2.31942,-0.0012
2.31947,-0.0012
2.31951,-0.0012
2.31956,-0.0012
2.3196,-0.0013
2.31965,-0.0013
2.31969,-0.0013
2.31973,-0.0013
2.31978,-0.0013
2.37706,-0.0012
2.37714,-0.0011
2.37721,-0.0011
2.37729,-0.0012
2.37736,-0.0013
2.37747,-0.0013
2.37754,-0.0013
2.37762,-0.0013
2.37769,-0.0013
2.37776,-0.0012
2.37783,-0.0012
2.3779,-0.0012
2.37797,-0.0012
2.37804,-0.0012
2.37811,-0.0013
2.37818,-0.0013
2.37825,-0.0013
2.37832,-0.0013
2.37839,-0.0013
2.37846,-0.0012
2.37853,-0.0012
2.3786,-0.0012
2.37867,-0.0013
2.37874,-0.0013
2.37881,-0.0013
2.37888,-0.0013
2.37895,-0.0013
2.37902,-0.0013
2.3791,-0.0013
2.37917,-0.0012
2.37924,-0.0011
2.37931,-0.0012
2.37939,-0.0012
2.37946,-0.0012
2.37953,-0.0013
2.4363,-0.0013
2.43638,-0.0013
2.43645,-0.0012
2.43652,-0.0012
2.43659,-0.0012
2.43666,-0.0012
2.43673,-0.0013
2.4368,-0.0013
2.43687,-0.0013
2.43694,-0.0013
2.43701,-0.0013
2.43708,-0.0013
2.43715,-0.0013
2.43723,-0.0013
2.4373,-0.0012
2.43737,-0.0012
2.43748,-0.0012
2.43753,-0.0013
2.43757,-0.0013
2.43762,-0.0013
2.43766,-0.0013
2.4377,-0.0012
2.43774,-0.0012
2.43779,-0.0012
2.43783,-0.0012
2.43787,-0.0012
2.43791,-0.0012
2.43796,-0.0012
2.438,-0.0012
2.43805,-0.0012
2.43809,-0.0012
2.43814,-0.0012
2.43818,-0.0012
2.43822,-0.0012
2.43827,-0.0012
2.43831,-0.0012
2.49519,-0.0012
2.49524,-0.0012
2.49528,-0.0012
2.49532,-0.0012
2.49537,-0.0012
2.49541,-0.0013
2.49545,-0.0013
2.49549,-0.0013
2.49554,-0.0013
2.49558,-0.0013
2.49562,-0.0013
2.49566,-0.0012
2.49571,-0.0012
2.49575,-0.0012
2.49579,-0.0012
2.49584,-0.0012
2.49588,-0.0012
2.49592,-0.0011
2.49596,-0.0012
2.49601,-0.0012
2.49605,-0.0013
2.49609,-0.0013
2.49613,-0.0013
2.49618,-0.0013
2.49622,-0.0013
2.49626,-0.0012
2.49631,-0.0012
2.49635,-0.0012
2.49639,-0.0012
2.49644,-0.0011
2.49648,-0.0012
2.49653,-0.0012
2.49657,-0.0012
2.49662,-0.0012
2.49666,-0.0012
2.55445,-0.0011
2.55453,-0.0012
2.5546,-0.0012
2.55467,-0.0013
2.55474,-0.0013
2.55482,-0.0012
2.55489,-0.0011
2.55496,-0.0011
2.55503,-0.0012
2.5551,-0.0013
2.55517,-0.0013
2.55524,-0.0012
2.55531,-0.0012
2.55538,-0.0012
2.55545,-0.0012
2.55552,-0.0013
2.55559,-0.0013
2.55566,-0.0012
2.55573,-0.0012
2.5558,-0.0013
2.55587,-0.0012
2.55591,-0.0013
2.55596,-0.0013
2.556,-0.0013
2.55604,-0.0013
2.55608,-0.0013
2.55613,-0.0013
2.55617,-0.0013
2.55622,-0.0013
2.55626,-0.0013
2.55631,-0.0013
2.55635,-0.0013
2.55639,-0.0013
2.55644,-0.0013
2.55648,-0.0012
2.55653,-0.0012
2.61343,-0.0012
2.61353,-0.0012
2.61361,-0.0012
2.61369,-0.0012
2.61377,-0.0012
2.61385,-0.0013
2.61393,-0.0013
2.61401,-0.0013
2.61409,-0.0013
2.61417,-0.0012
2.61424,-0.0012
2.61432,-0.0012
2.61437,-0.0012
2.61442,-0.0012
2.61447,-0.0012
2.61451,-0.0012
2.61456,-0.0011
2.61461,-0.0011
2.61466,-0.0011
2.61471,-0.0011
2.61476,-0.0012
2.6148,-0.0012
2.61485,-0.0012
2.6149,-0.0011
2.61495,-0.0011
2.615,-0.0011
2.61505,-0.0012
2.6151,-0.0013
2.61515,-0.0012
2.6152,-0.0012
2.61525,-0.0012
2.6153,-0.0012
2.61535,-0.0012
2.6154,-0.0011
2.61545,-0.0011
2.67229,-0.0012
2.67238,-0.0012
2.67246,-0.0012
2.67254,-0.0012
2.67262,-0.0013
2.6727,-0.0013
2.67278,-0.0013
2.67286,-0.0013
2.67294,-0.0012
2.67302,-0.0013
2.6731,-0.0013
2.67318,-0.0013
2.67326,-0.0013
2.67334,-0.0012
2.67346,-0.0012
2.67354,-0.0012
2.67362,-0.0012
2.6737,-0.0012
2.67378,-0.0012
2.67387,-0.0012
2.67395,-0.0012
2.67402,-0.0012
2.6741,-0.0012
2.67418,-0.0013
2.67426,-0.0013
2.67434,-0.0013
2.67442,-0.0012
2.6745,-0.0012
2.67458,-0.0012
2.67466,-0.0012
2.67474,-0.0013
2.67482,-0.0013
2.6749,-0.0012
2.67498,-0.0012
2.67507,-0.0011
2.7315,-0.0011
2.73159,-0.0012
2.73166,-0.0012
2.73173,-0.0012
2.7318,-0.0012
2.73184,-0.0012
2.73189,-0.0012
2.73193,-0.0012
2.73197,-0.0012
2.73201,-0.0012
2.73206,-0.0012
2.7321,-0.0012
2.73214,-0.0011
2.73219,-0.0011
2.73223,-0.0012
2.73227,-0.0013
2.73231,-0.0013
2.73236,-0.0013
2.7324,-0.0012
2.73244,-0.0012
2.73249,-0.0012
2.73253,-0.0012
2.73257,-0.0012
2.73261,-0.0012
2.73266,-0.0012
2.7327,-0.0013
2.73274,-0.0012
2.73279,-0.0012
2.73283,-0.0012
2.73288,-0.0013
2.73292,-0.0013
2.73297,-0.0012
2.73301,-0.0012
2.73305,-0.0011
2.7331,-0.0011
2.73314,-0.001
2.79049,-0.001
2.79058,-0.0011
2.79064,-0.0011
2.79069,-0.0012
2.79074,-0.0012
2.79078,-0.0012
2.79082,-0.0012
2.79086,-0.0011
2.79091,-0.0011
2.79095,-0.0011
2.79099,-0.0011
2.79103,-0.0012
2.79108,-0.0012
2.79112,-0.0012
2.79116,-0.0012
2.79121,-0.0011
2.79125,-0.0012
2.79129,-0.0012
2.79134,-0.0013
2.79138,-0.0013
2.79142,-0.0013
2.79147,-0.0013
2.79151,-0.0012
2.79155,-0.0012
2.79159,-0.0012
2.79164,-0.0012
2.79168,-0.0012
2.79173,-0.0012
2.79177,-0.0012
2.79181,-0.0012
2.79186,-0.0012
2.7919,-0.0012
2.79195,-0.0013
2.79199,-0.0013
2.79204,-0.0012
2.84967,-0.0012
2.84975,-0.0012
2.84983,-0.0012
2.84991,-0.0012
2.84999,-0.0012
2.85007,-0.0013
2.85015,-0.0013
2.85023,-0.0013
2.85031,-0.0013
2.85039,-0.0012
2.85047,-0.0012
2.85055,-0.0012
2.85063,-0.0012
2.85071,-0.0013
2.85079,-0.0013
2.85087,-0.0013
2.85094,-0.0013
2.85102,-0.0012
2.8511,-0.0012
2.85118,-0.0013
2.85126,-0.0013
2.85134,-0.0013
2.85142,-0.0012
2.8515,-0.0012
2.85158,-0.0012
2.85166,-0.0013
2.85174,-0.0013
2.85182,-0.0013
2.8519,-0.0012
2.85198,-0.0012
2.85206,-0.0013
2.85214,-0.0013
2.85222,-0.0013
2.8523,-0.0013
2.85238,-0.0013
2.85246,-0.0013
2.90854,-0.0012
2.90859,-0.0012
2.90863,-0.0012
2.90868,-0.0013
2.90872,-0.0013
2.90876,-0.0012
2.90881,-0.0012
2.90885,-0.0012
2.90889,-0.0012
2.90893,-0.0012
2.90898,-0.0012
2.90902,-0.0012
2.90906,-0.0011
2.9091,-0.0011
2.90914,-0.0012
2.90919,-0.0012
2.90923,-0.0012
2.90927,-0.0012
2.90931,-0.0012
2.90936,-0.0012
2.90947,-0.0012
2.90954,-0.0012
2.90962,-0.0012
2.90969,-0.0012
2.90976,-0.0012
2.90983,-0.0013
2.9099,-0.0013
2.90997,-0.0013
2.91005,-0.0013
2.91012,-0.0013
2.91019,-0.0012
2.91026,-0.0012
2.91033,-0.0012
2.91041,-0.0012
2.91048,-0.0013
2.96781,-0.0013
2.96801,-0.0013
2.96807,-0.0013
2.96811,-0.0012
2.96816,-0.0013
2.9682,-0.0013
2.96824,-0.0013
2.96828,-0.0013
2.96833,-0.0014
2.96837,-0.0013
2.96841,-0.0013
2.96846,-0.0013
2.9685,-0.0012
2.96854,-0.0012
2.96858,-0.0012
2.96863,-0.0012
2.96867,-0.0012
2.96871,-0.0012
2.96876,-0.0012
2.9688,-0.0013
2.96884,-0.0013
2.96888,-0.0013
2.96893,-0.0013
2.96897,-0.0014
2.96901,-0.0013
2.96906,-0.0013
2.9691,-0.0012
2.96914,-0.0012
2.96919,-0.0012
2.96923,-0.0012
2.96928,-0.0013
2.96932,-0.0014
2.96937,-0.0014
2.96953,-0.0013
2.9696,-0.0013
2.96965,-0.0012
3.02674,-0.0012
3.02683,-0.0012
3.0269,-0.0012
3.02698,-0.0012
3.02705,-0.0012
3.02712,-0.0013
3.02719,-0.0013
3.02726,-0.0013
3.02733,-0.0013
3.0274,-0.0013
3.02747,-0.0013
3.02754,-0.0013
3.02761,-0.0013
3.02768,-0.0012
3.02775,-0.0012
3.02783,-0.0012
3.0279,-0.0012
3.02797,-0.0012
3.02804,-0.0012
3.02811,-0.0012
3.02818,-0.0012
3.02825,-0.0012
3.02832,-0.0013
3.02839,-0.0013
3.02846,-0.0013
3.02853,-0.0012
3.0286,-0.0012
3.02867,-0.0012
3.02874,-0.0012
3.02881,-0.0012
3.02889,-0.0012
3.02896,-0.0012
3.02903,-0.0013
3.0291,-0.0013
3.02917,-0.0012
3.08565,-0.0013
3.08573,-0.0013
3.0858,-0.0013
3.08588,-0.0012
3.08595,-0.0012
3.08602,-0.0012
3.08609,-0.0012
3.08616,-0.0013
3.08623,-0.0012
3.08631,-0.0012
3.08638,-0.0012
3.08645,-0.0012
3.08652,-0.0013
3.08659,-0.0013
3.08666,-0.0013
3.08673,-0.0012
3.0868,-0.0012
3.08687,-0.0012
3.08694,-0.0013
3.08701,-0.0013
3.08708,-0.0013
3.08715,-0.0014
3.08722,-0.0014
3.08729,-0.0014
3.08736,-0.0014
3.08743,-0.0013
3.0875,-0.0012
3.08758,-0.0012
3.08765,-0.0012
3.08772,-0.0012
3.08779,-0.0013
3.08786,-0.0013
3.08793,-0.0013
3.08801,-0.0012
3.08808,-0.0011
3.14487,-0.0011
3.14495,-0.0011
3.14503,-0.0011
3.1451,-0.0012
3.14517,-0.0012
3.14524,-0.0013
3.14531,-0.0013
3.14542,-0.0013
3.1455,-0.0013
3.14557,-0.0012
3.14564,-0.0012
3.14571,-0.0012
3.14578,-0.0012
3.14585,-0.0012
3.14592,-0.0012
3.14599,-0.0012
3.14606,-0.0012
3.14613,-0.0012
3.1462,-0.0011
3.14627,-0.0011
3.14635,-0.0012
3.14642,-0.0012
3.14649,-0.0012
3.14656,-0.0013
3.14663,-0.0013
3.1467,-0.0013
3.14677,-0.0013
3.14684,-0.0013
3.14691,-0.0013
3.14699,-0.0012
3.14706,-0.0012
3.14713,-0.0012
3.1472,-0.0012
3.14727,-0.0012
3.14734,-0.0012
3.14742,-0.0012
3.20382,-0.0012
3.20391,-0.0013
3.20399,-0.0013
3.20407,-0.0013
3.20415,-0.0013
3.20423,-0.0012
3.20431,-0.0011
3.20439,-0.0011
3.20447,-0.0011
3.20455,-0.0012
3.20463,-0.0013
3.20471,-0.0014
3.20493,-0.0014
3.20505,-0.0013
3.20515,-0.0012
3.20523,-0.0011
3.20532,-0.0011
3.20543,-0.0011
3.20548,-0.0012
3.20553,-0.0012
3.20558,-0.0012
3.20563,-0.0012
3.20567,-0.0012
3.20572,-0.0012
3.20577,-0.0013
3.20582,-0.0012
3.20587,-0.0013
3.20592,-0.0013
3.20597,-0.0013
3.20602,-0.0013
3.20607,-0.0013
3.20611,-0.0012
3.20616,-0.0012
3.20621,-0.0013
3.20626,-0.0014
3.26301,-0.0014
3.26306,-0.0014
3.26311,-0.0014
3.26316,-0.0013
3.26321,-0.0012
3.26326,-0.0012
3.2633,-0.0011
3.26335,-0.0011
3.2634,-0.0012
3.26345,-0.0012
3.2635,-0.0013
3.26354,-0.0013
3.26359,-0.0013
3.26364,-0.0013
3.26369,-0.0012
3.26373,-0.0012
3.26378,-0.0013
3.26383,-0.0013
3.26388,-0.0014
3.26392,-0.0014
3.26397,-0.0014
3.26402,-0.0013
3.26407,-0.0013
3.26412,-0.0012
3.26416,-0.0012
3.26421,-0.0012
3.26426,-0.0012
3.26431,-0.0012
3.26436,-0.0013
3.26441,-0.0013
3.26446,-0.0014
3.26451,-0.0014
3.26456,-0.0013
3.26461,-0.0012
3.26466,-0.0012
3.26471,-0.0012
3.32195,-0.0012
3.32203,-0.0013
3.3221,-0.0013
3.32216,-0.0013
3.32223,-0.0013
3.32229,-0.0012
3.32235,-0.0012
3.32242,-0.0012
3.32247,-0.0012
3.32252,-0.0012
3.32256,-0.0011
3.32259,-0.0011
3.32263,-0.0011
3.32267,-0.001
3.32271,-0.0011
3.32275,-0.0011
3.32279,-0.0011
3.32283,-0.0012
3.32286,-0.0012
3.3229,-0.0012
3.32294,-0.0013
3.32298,-0.0013
3.32302,-0.0013
3.32306,-0.0013
3.32309,-0.0012
3.32313,-0.0012
3.32317,-0.0012
3.32321,-0.0013
3.32325,-0.0013
3.32341,-0.0013
3.32346,-0.0013
3.3235,-0.0013
3.32354,-0.0013
3.32358,-0.0012
3.32362,-0.0012
3.38123,-0.0011
3.3813,-0.0011
3.38136,-0.0012
3.38146,-0.0012
3.38152,-0.0012
3.38159,-0.0012
3.38165,-0.0012
3.38171,-0.0012
3.38178,-0.0012
3.38184,-0.0012
3.3819,-0.0013
3.38197,-0.0014
3.38203,-0.0013
3.38209,-0.0012
3.38213,-0.0012
3.38217,-0.0012
3.38221,-0.0012
3.38225,-0.0012
3.38229,-0.0012
3.38233,-0.0012
3.38236,-0.0013
3.3824,-0.0012
3.38244,-0.0012
3.38248,-0.0011
3.38252,-0.001
3.38256,-0.0011
3.3826,-0.0011
3.38264,-0.0012
3.38268,-0.0012
3.38272,-0.0013
3.38276,-0.0013
3.3828,-0.0013
3.38284,-0.0013
3.38288,-0.0013
3.38292,-0.0013
3.38296,-0.0013
3.44011,-0.0013
3.44019,-0.0013
3.44026,-0.0013
3.44033,-0.0013
3.4404,-0.0012
3.44047,-0.0013
3.44053,-0.0013
3.44058,-0.0013
3.44062,-0.0013
3.44067,-0.0013
3.44071,-0.0012
3.44075,-0.0012
3.4408,-0.0012
3.44084,-0.0012
3.44088,-0.0012
3.44093,-0.0012
3.44097,-0.0012
3.44101,-0.0011
3.44105,-0.0011
3.4411,-0.0011
3.44114,-0.0011
3.44118,-0.0012
3.44123,-0.0012
3.44127,-0.0012
3.44131,-0.0012
3.44135,-0.0012
3.44147,-0.0012
3.44153,-0.0012
3.44157,-0.0012
3.44162,-0.0012
3.44166,-0.0012
3.44171,-0.0013
3.44175,-0.0013
3.4418,-0.0013
3.44184,-0.0013
3.49903,-0.0012
3.49912,-0.0012
3.4992,-0.0012
3.49928,-0.0012
3.49936,-0.0012
3.49944,-0.0011
3.49952,-0.0011
3.4996,-0.0011
3.49968,-0.0012
3.49976,-0.0012
3.49984,-0.0013
3.49992,-0.0012
3.5,-0.0012
3.50008,-0.0012
3.50016,-0.0012
3.50024,-0.0013
3.50032,-0.0013
3.50039,-0.0013
3.50047,-0.0013
3.50055,-0.0013
3.50063,-0.0012
3.50071,-0.0013
3.50079,-0.0012
3.50087,-0.0012
3.50095,-0.0012
3.50103,-0.0013
3.50111,-0.0013
3.50119,-0.0013
3.50127,-0.0012
3.50135,-0.0012
3.50148,-0.0012
3.50156,-0.0012
3.50165,-0.0012
3.50173,-0.0012
3.50181,-0.0012
3.55827,-0.0012
3.55836,-0.0012
3.55844,-0.0012
3.55852,-0.0013
3.55859,-0.0013
3.55865,-0.0012
3.5587,-0.0012
3.55874,-0.0011
3.55879,-0.0011
3.55884,-0.0012
3.55889,-0.0012
3.55894,-0.0012
3.55898,-0.0012
3.55903,-0.0012
3.55908,-0.0013
3.55913,-0.0013
3.55918,-0.0012
3.55923,-0.0012
3.55927,-0.0012
3.55932,-0.0012
3.55937,-0.0012
3.55942,-0.0012
3.55947,-0.0012
3.55951,-0.0012
3.55956,-0.0012
3.55961,-0.0013
3.55966,-0.0013
3.55971,-0.0013
3.55976,-0.0013
3.55981,-0.0013
3.55986,-0.0012
3.55991,-0.0012
3.55996,-0.0012
3.56001,-0.0012
3.56006,-0.0012
3.56011,-0.0012
3.61716,-0.0012
3.61723,-0.0013
3.61731,-0.0013
3.61741,-0.0013
3.61748,-0.0013
3.61756,-0.0012
3.61763,-0.0011
3.6177,-0.0011
3.61777,-0.0011
3.61784,-0.0011
3.61791,-0.0012
3.61798,-0.0012
3.61805,-0.0012
3.61812,-0.0012
3.6182,-0.0012
3.61827,-0.0012
3.61834,-0.0011
3.61841,-0.0012
3.61848,-0.0012
3.61855,-0.0012
3.61862,-0.0013
3.61868,-0.0014
3.61873,-0.0014
3.61877,-0.0013
3.61882,-0.0013
3.61886,-0.0013
3.6189,-0.0013
3.61895,-0.0013
3.61899,-0.0013
3.61904,-0.0013
3.61908,-0.0013
3.61913,-0.0013
3.61917,-0.0013
3.61921,-0.0012
3.61926,-0.0012
3.67637,-0.0012
3.67645,-0.0013
3.67652,-0.0013
3.67659,-0.0014
3.67666,-0.0014
3.67673,-0.0013
3.6768,-0.0013
3.67686,-0.0012
3.67691,-0.0012
3.67695,-0.0012
3.677,-0.0012
3.67704,-0.0013
3.67708,-0.0012
3.67713,-0.0013
3.67717,-0.0013
3.67721,-0.0013
3.67725,-0.0013
3.6773,-0.0012
3.67734,-0.0012
3.67743,-0.0011
3.67748,-0.0012
3.67753,-0.0012
3.67757,-0.0013
3.67761,-0.0013
3.67767,-0.0013
3.67771,-0.0013
3.67776,-0.0013
3.6778,-0.0013
3.67784,-0.0013
3.67789,-0.0013
3.67793,-0.0013
3.67798,-0.0013
3.67802,-0.0013
3.67807,-0.0013
3.67811,-0.0013
3.67816,-0.0013
3.73532,-0.0012
3.7354,-0.0012
3.73547,-0.0012
3.73554,-0.0012
3.73561,-0.0012
3.73568,-0.0013
3.73575,-0.0013
3.73579,-0.0014
3.73584,-0.0013
3.73588,-0.0013
3.73592,-0.0013
3.73597,-0.0014
3.73601,-0.0013
3.73605,-0.0013
3.7361,-0.0013
3.73614,-0.0012
3.73618,-0.0013
3.73622,-0.0013
3.73627,-0.0013
3.73631,-0.0013
3.73635,-0.0013
3.73639,-0.0013
3.73644,-0.0013
3.73648,-0.0013
3.73652,-0.0013
3.73657,-0.0012
3.73661,-0.0012
3.73666,-0.0011
3.7367,-0.0011
3.73674,-0.0011
3.73679,-0.0011
3.73683,-0.0012
3.73688,-0.0011
3.73692,-0.0011
3.73697,-0.0011
3.79457,-0.0011
3.79465,-0.0011
3.79472,-0.0012
3.79479,-0.0012
3.79486,-0.0012
3.79493,-0.0013
3.79501,-0.0013
3.79508,-0.0013
3.79515,-0.0013
3.79522,-0.0012
3.79529,-0.0012
3.79536,-0.0011
3.79543,-0.0011
3.7955,-0.0012
3.79557,-0.0012
3.79564,-0.0013
3.79571,-0.0014
3.79578,-0.0014
3.79585,-0.0013
3.79592,-0.0013
3.79599,-0.0012
3.79606,-0.0013
3.79613,-0.0013
3.7962,-0.0014
3.79627,-0.0014
3.79634,-0.0013
3.79642,-0.0013
3.79649,-0.0012
3.79656,-0.0012
3.79663,-0.0012
3.7967,-0.0012
3.79677,-0.0012
3.79684,-0.0012
3.79692,-0.0012
3.79699,-0.0012
3.79706,-0.0013
3.85353,-0.0013
3.85362,-0.0013
3.85371,-0.0013
3.85379,-0.0012
3.85387,-0.0012
3.85395,-0.0012
3.85402,-0.0012
3.85408,-0.0012
3.85412,-0.0012
3.85417,-0.0013
3.85422,-0.0013
3.85427,-0.0014
3.85432,-0.0014
3.85436,-0.0013
3.85441,-0.0013
3.85446,-0.0012
3.85451,-0.0012
3.85456,-0.0012
3.85461,-0.0013
3.85465,-0.0013
3.8547,-0.0013
3.85475,-0.0012
3.8548,-0.0012
3.85485,-0.0013
3.85489,-0.0013
3.85494,-0.0013
3.85502,-0.0013
3.85507,-0.0013
3.85512,-0.0013
3.85517,-0.0014
3.85522,-0.0014
3.85527,-0.0013
3.85532,-0.0013
3.85537,-0.0013
3.85542,-0.0013
3.91237,-0.0014
3.91245,-0.0013
3.91252,-0.0013
3.91259,-0.0011
3.91266,-0.0011
3.91273,-0.0012
3.9128,-0.0012
3.91287,-0.0012
3.91294,-0.0012
3.91301,-0.0012
3.91308,-0.0012
3.91316,-0.0013
3.91323,-0.0013
3.9133,-0.0013
3.91337,-0.0013
3.91349,-0.0012
3.91356,-0.0013
3.91362,-0.0013
3.91367,-0.0014
3.91371,-0.0013
3.91375,-0.0013
3.9138,-0.0013
3.91384,-0.0013
3.91388,-0.0013
3.91393,-0.0013
3.91397,-0.0012
3.91401,-0.0012
3.91406,-0.0012
3.9141,-0.0011
3.91414,-0.0011
3.91419,-0.0012
3.91423,-0.0012
3.91428,-0.0012
3.91432,-0.0013
3.91437,-0.0013
3.97159,-0.0013
3.97167,-0.0012
3.97174,-0.0012
3.97181,-0.0012
3.97188,-0.0013
3.97193,-0.0013
3.97197,-0.0013
3.97201,-0.0013
3.97205,-0.0013
3.9721,-0.0013
3.97214,-0.0013
3.97218,-0.0013
3.97223,-0.0012
3.97227,-0.0012
3.97231,-0.0012
3.97235,-0.0013
3.9724,-0.0013
3.97244,-0.0013
3.97248,-0.0013
3.97253,-0.0012
3.97257,-0.0012
3.97261,-0.0012
3.97266,-0.0012
3.9727,-0.0012
3.97274,-0.0012
3.97278,-0.0012
3.97283,-0.0013
3.97287,-0.0013
3.97292,-0.0014
3.97296,-0.0014
3.97301,-0.0014
3.97305,-0.0014
3.97309,-0.0015
3.97314,-0.0015
3.97318,-0.0014
3.97323,-0.0013
4.03053,-0.0012
4.03061,-0.0012
4.03068,-0.0011
4.03075,-0.0011
4.03082,-0.0011
4.03089,-0.0011
4.03096,-0.0011
4.03104,-0.0011
4.03111,-0.0011
4.03118,-0.0012
4.03125,-0.0013
4.03132,-0.0013
4.03139,-0.0013
4.03146,-0.0013
4.03153,-0.0013
4.0316,-0.0013
4.03167,-0.0012
4.03174,-0.0012
4.03181,-0.0012
4.03189,-0.0012
4.03196,-0.0012
4.03203,-0.0012
4.0321,-0.0012
4.03217,-0.0012
4.03224,-0.0012
4.03231,-0.0012
4.03238,-0.0012
4.03245,-0.0012
4.03252,-0.0013
4.03259,-0.0013
4.03267,-0.0013
4.03274,-0.0013
4.03281,-0.0012
4.03288,-0.0012
4.03295,-0.0012
4.08974,-0.0012
4.08978,-0.0012
4.08983,-0.0012
4.08987,-0.0012
4.08991,-0.0012
4.08996,-0.0012
4.09,-0.0012
4.09004,-0.0012
4.09008,-0.0013
4.09013,-0.0014
4.09017,-0.0014
4.09021,-0.0013
4.09025,-0.0013
4.0903,-0.0012
4.09034,-0.0012
4.09038,-0.0012
4.09043,-0.0012
4.09047,-0.0013
4.09051,-0.0013
4.09055,-0.0013
4.0906,-0.0012
4.09064,-0.0012
4.09068,-0.0012
4.09072,-0.0012
4.09077,-0.0012
4.09081,-0.0012
4.09085,-0.0012
4.0909,-0.0013
4.09094,-0.0013
4.09099,-0.0013
4.09103,-0.0012
4.09108,-0.0012
4.09112,-0.0012
4.09116,-0.0012
4.09121,-0.0012
4.09125,-0.0012
4.14867,-0.0012
4.14877,-0.0012
4.14886,-0.0012
4.14894,-0.0012
4.14902,-0.0012
4.1491,-0.0012
4.14918,-0.0012
4.14925,-0.0012
4.14933,-0.0012
4.14942,-0.0012
4.14948,-0.0013
4.14953,-0.0013
4.14957,-0.0013
4.14962,-0.0013
4.14967,-0.0013
4.14972,-0.0013
4.14977,-0.0013
4.14981,-0.0013
4.14986,-0.0013
4.14991,-0.0013
4.14996,-0.0013
4.15001,-0.0012
4.15006,-0.0012
4.1501,-0.0012
4.15015,-0.0012
4.1502,-0.0013
4.15025,-0.0012
4.1503,-0.0012
4.15035,-0.0012
4.1504,-0.0012
4.15045,-0.0013
4.1505,-0.0013
4.15055,-0.0012
4.1506,-0.0011
4.15065,-0.0011
4.20792,-0.0011
4.20801,-0.0012
4.20809,-0.0012
4.20818,-0.0012
4.20826,-0.0012
4.20834,-0.0013
4.20842,-0.0013
4.2085,-0.0012
4.20858,-0.0012
4.20866,-0.0012
4.20874,-0.0012
4.20882,-0.0013
4.2089,-0.0013
4.20897,-0.0013
4.20906,-0.0013
4.20914,-0.0013
4.20921,-0.0013
4.20929,-0.0012
4.20937,-0.0012
4.20949,-0.0012
4.20957,-0.0012
4.20962,-0.0012
4.20967,-0.0013
4.20971,-0.0013
4.20976,-0.0012
4.20981,-0.0012
4.20986,-0.0011
4.20991,-0.0011
4.20996,-0.0012
4.21001,-0.0012
4.21006,-0.0012
4.21011,-0.0013
4.21016,-0.0012
4.21021,-0.0011
4.21026,-0.0012
4.21031,-0.0012
4.26685,-0.0012
4.26695,-0.0012
4.26703,-0.0012
4.26711,-0.0012
4.26719,-0.0012
4.26727,-0.0013
4.26734,-0.0013
4.26742,-0.0013
4.26751,-0.0013
4.26758,-0.0013
4.26763,-0.0013
4.26768,-0.0013
4.26773,-0.0013
4.26777,-0.0013
4.26782,-0.0012
4.26787,-0.0011
4.26792,-0.0011
4.26797,-0.0012
4.26802,-0.0012
4.26806,-0.0012
4.26811,-0.0012
4.26816,-0.0013
4.26821,-0.0014
4.26826,-0.0014
4.26831,-0.0014
4.26835,-0.0014
4.2684,-0.0013
4.26845,-0.0012
4.2685,-0.0012
4.26855,-0.0012
4.2686,-0.0012
4.26865,-0.0012
4.2687,-0.0012
4.26875,-0.0012
4.2688,-0.0012
4.32574,-0.0013
4.32581,-0.0013
4.32589,-0.0013
4.32596,-0.0012
4.32603,-0.0013
4.3261,-0.0013
4.32617,-0.0013
4.32624,-0.0013
4.32631,-0.0013
4.32638,-0.0013
4.32645,-0.0012
4.32652,-0.0012
4.32659,-0.0012
4.32666,-0.0012
4.32673,-0.0012
4.32681,-0.0012
4.32688,-0.0012
4.32695,-0.0011
4.32702,-0.0012
4.32709,-0.0012
4.32716,-0.0012
4.32723,-0.0012
4.3273,-0.0011
4.32737,-0.0011
4.32744,-0.0012
4.32752,-0.0012
4.32759,-0.0013
4.32766,-0.0013
4.32773,-0.0013
4.3278,-0.0014
4.32787,-0.0014
4.32795,-0.0014
4.32802,-0.0014
4.32809,-0.0014
4.32816,-0.0013
4.38494,-0.0013
4.38502,-0.0013
4.38509,-0.0013
4.38516,-0.0013
4.38523,-0.0013
4.3853,-0.0012
4.38537,-0.0012
4.38548,-0.0012
4.38555,-0.0012
4.38562,-0.0013
4.38569,-0.0013
4.38576,-0.0013
4.38583,-0.0013
4.3859,-0.0013
4.38598,-0.0012
4.38604,-0.0012
4.38609,-0.0012
4.38613,-0.0012
4.38617,-0.0012
4.38621,-0.0012
4.38626,-0.0012
4.3863,-0.0012
4.38634,-0.0012
4.38639,-0.0011
4.38643,-0.0012
4.38647,-0.0012
4.38652,-0.0012
4.38656,-0.0012
4.3866,-0.0012
4.38665,-0.0012
4.38669,-0.0011
4.38674,-0.0011
4.38678,-0.0012
4.38683,-0.0012
4.38687,-0.0013
4.38692,-0.0013
4.4439,-0.0013
4.44398,-0.0013
4.44406,-0.0013
4.44413,-0.0012
4.4442,-0.0013
4.44427,-0.0012
4.44434,-0.0012
4.44441,-0.0013
4.44448,-0.0013
4.44455,-0.0013
4.44462,-0.0013
4.44469,-0.0013
4.44476,-0.0013
4.44483,-0.0013
4.4449,-0.0013
4.44497,-0.0013
4.44504,-0.0012
4.44511,-0.0012
4.44518,-0.0012
4.44525,-0.0012
4.44532,-0.0012
4.44542,-0.0012
4.44548,-0.0012
4.44552,-0.0013
4.44556,-0.0013
4.44561,-0.0012
4.44565,-0.0012
4.44569,-0.0012
4.44574,-0.0012
4.44578,-0.0012
4.44583,-0.0012
4.44587,-0.0012
4.44592,-0.0012
4.44596,-0.0013
4.44601,-0.0013
4.50319,-0.0013
4.50326,-0.0013
4.50334,-0.0013
4.50341,-0.0013
4.50348,-0.0013
4.50355,-0.0013
4.50362,-0.0013
4.50369,-0.0012
4.50376,-0.0012
4.50383,-0.0012
4.5039,-0.0012
4.50397,-0.0012
4.50404,-0.0012
4.50411,-0.0012
4.50418,-0.0012
4.50425,-0.0012
4.50432,-0.0012
4.50439,-0.0012
4.50443,-0.0013
4.50448,-0.0012
4.50452,-0.0012
4.50456,-0.0012
4.50461,-0.0012
4.50465,-0.0012
4.50469,-0.0012
4.50474,-0.0012
4.50478,-0.0012
4.50482,-0.0012
4.50487,-0.0011
4.50491,-0.0011
4.50496,-0.0011
4.505,-0.0011
4.50505,-0.0012
4.50512,-0.0013
4.50517,-0.0013
4.50522,-0.0013
4.56208,-0.0013
4.56216,-0.0013
4.56224,-0.0012
4.56232,-0.0012
4.5624,-0.0012
4.56248,-0.0012
4.56255,-0.0012
4.56261,-0.0011
4.56266,-0.0011
4.5627,-0.0011
4.56275,-0.0011
4.5628,-0.0011
4.56285,-0.0012
4.5629,-0.0012
4.56295,-0.0012
4.56299,-0.0013
4.56304,-0.0013
4.56309,-0.0013
4.56314,-0.0013
4.56319,-0.0013
4.56324,-0.0012
4.56328,-0.0012
4.56333,-0.0012
4.56338,-0.0012
4.56343,-0.0012
4.56348,-0.0012
4.56353,-0.0012
4.56358,-0.0012
4.56363,-0.0013
4.56368,-0.0013
4.56373,-0.0013
4.56378,-0.0013
4.56385,-0.0013
4.5639,-0.0013
4.56395,-0.0014
4.62124,-0.0014
4.62132,-0.0014
4.6214,-0.0013
4.62146,-0.0013
4.62151,-0.0012
4.62154,-0.0012
4.62158,-0.0012
4.62162,-0.0012
4.62166,-0.0012
4.6217,-0.0012
4.62174,-0.0012
4.62178,-0.0012
4.62182,-0.0013
4.62186,-0.0013
4.6219,-0.0013
4.62193,-0.0013
4.622,-0.0012
4.62204,-0.0011
4.62208,-0.0011
4.62212,-0.0011
4.62215,-0.0011
4.62219,-0.0011
4.62223,-0.0012
4.62227,-0.0012
4.62231,-0.0012
4.62235,-0.0012
4.62239,-0.0012
4.62243,-0.0012
4.62247,-0.0012
4.62251,-0.0011
4.62255,-0.0011
4.62259,-0.0012
4.62263,-0.0012
4.62266,-0.0012
4.6227,-0.0012
4.62274,-0.0012
4.68019,-0.0012
4.68026,-0.0012
4.68032,-0.0012
4.68038,-0.0013
4.68045,-0.0013
4.68051,-0.0013
4.68058,-0.0013
4.68064,-0.0013
4.6807,-0.0013
4.68077,-0.0013
4.68083,-0.0013
4.68089,-0.0013
4.68096,-0.0013
4.68102,-0.0012
4.68109,-0.0012
4.68115,-0.0012
4.68121,-0.0012
4.68128,-0.0012
4.68134,-0.0012
4.68144,-0.0012
4.68151,-0.0013
4.68157,-0.0012
4.68161,-0.0012
4.68165,-0.0011
4.68169,-0.0012
4.68175,-0.0012
4.68179,-0.0012
4.68183,-0.0013
4.68187,-0.0013
4.68191,-0.0012
4.68195,-0.0013
4.68199,-0.0013
4.68203,-0.0013
4.68207,-0.0014
4.68211,-0.0014
4.73911,-0.0014
4.73918,-0.0013
4.73925,-0.0012
4.73933,-0.0012
4.7394,-0.0013
4.73947,-0.0013
4.73954,-0.0013
4.73961,-0.0013
4.73968,-0.0012
4.73975,-0.0013
4.73982,-0.0013
4.73989,-0.0014
4.73996,-0.0013
4.74003,-0.0013
4.7401,-0.0012
4.74017,-0.0012
4.74024,-0.0012
4.74031,-0.0012
4.74038,-0.0012
4.74046,-0.0012
4.74053,-0.0013
4.7406,-0.0013
4.74067,-0.0013
4.74074,-0.0013
4.74081,-0.0013
4.74088,-0.0013
4.74095,-0.0013
4.74102,-0.0013
4.74109,-0.0012
4.74116,-0.0012
4.74123,-0.0012
4.74131,-0.0012
4.74142,-0.0012
4.7415,-0.0012
4.74157,-0.0012
4.79832,-0.0011
4.7984,-0.0011
4.79848,-0.0011
4.79855,-0.0012
4.79862,-0.0012
4.79866,-0.0013
4.79871,-0.0013
4.79875,-0.0013
4.79879,-0.0012
4.79883,-0.0011
4.79888,-0.0011
4.79892,-0.0011
4.79896,-0.0011
4.79901,-0.0012
4.79905,-0.0012
4.79909,-0.0012
4.79913,-0.0012
4.79918,-0.0012
4.79922,-0.0012
4.79926,-0.0012
4.7993,-0.0012
4.79935,-0.0013
4.79939,-0.0013
4.79943,-0.0012
4.79948,-0.0012
4.79952,-0.0012
4.79956,-0.0012
4.79961,-0.0012
4.79965,-0.0013
4.7997,-0.0013
4.79974,-0.0014
4.79979,-0.0013
4.79983,-0.0013
4.79987,-0.0012
4.79992,-0.0011
4.79996,-0.0011
4.85725,-0.0012
4.85733,-0.0012
4.85744,-0.0012
4.85752,-0.0012
4.85759,-0.0011
4.85766,-0.0011
4.85773,-0.0011
4.8578,-0.0011
4.85787,-0.0011
4.85794,-0.0012
4.85801,-0.0012
4.85808,-0.0012
4.85815,-0.0012
4.85822,-0.0012
4.85829,-0.0013
4.85836,-0.0013
4.85843,-0.0012
4.8585,-0.0012
4.85857,-0.0012
4.85864,-0.0013
4.85871,-0.0013
4.85878,-0.0013
4.85885,-0.0013
4.85892,-0.0013
4.85899,-0.0013
4.85907,-0.0012
4.85914,-0.0012
4.85921,-0.0012
4.85925,-0.0012
4.8593,-0.0012
4.85934,-0.0012
4.85939,-0.0013
4.85943,-0.0013
4.85948,-0.0013
4.85952,-0.0013
4.91655,-0.0013
4.91664,-0.0014
4.91673,-0.0014
4.91681,-0.0013
4.91689,-0.0013
4.91697,-0.0013
4.91705,-0.0013
4.91712,-0.0013
4.9172,-0.0013
4.91728,-0.0013
4.91737,-0.0012
4.91749,-0.0012
4.91757,-0.0012
4.91765,-0.0012
4.91773,-0.0012
4.91781,-0.0011
4.91788,-0.0011
4.91796,-0.0011
4.91804,-0.0012
4.91812,-0.0012
4.9182,-0.0013
4.91828,-0.0012
4.91836,-0.0011
4.91844,-0.0011
4.91852,-0.0011
4.9186,-0.0012
4.91868,-0.0013
4.91876,-0.0014
4.91884,-0.0014
4.91892,-0.0013
4.919,-0.0013
4.91908,-0.0012
4.91916,-0.0012
4.91924,-0.0012
4.91932,-0.0011
4.9194,-0.0011
4.97542,-0.0011
4.97551,-0.0011
4.97559,-0.0011
4.97567,-0.0012
4.97575,-0.0013
4.97583,-0.0013
4.97591,-0.0013
4.976,-0.0013
4.97607,-0.0013
4.97615,-0.0012
4.97623,-0.0012
4.97631,-0.0012
4.97639,-0.0012
4.97647,-0.0012
4.97655,-0.0012
4.97663,-0.0013
4.9767,-0.0013
4.97678,-0.0013
4.97686,-0.0013
4.97694,-0.0013
4.97702,-0.0012
4.9771,-0.0013
4.97718,-0.0013
4.97726,-0.0013
4.97734,-0.0013
4.97746,-0.0013
4.97754,-0.0012
4.97762,-0.0011
4.97771,-0.0012
4.97779,-0.0011
4.97787,-0.0012
4.97795,-0.0011
4.97803,-0.0011
4.97811,-0.0012
4.97819,-0.0013
5.03464,-0.0013
5.03471,-0.0013
5.03479,-0.0013
5.03486,-0.0013
5.03493,-0.0013
5.035,-0.0013
5.03507,-0.0012
5.03514,-0.0012
5.03521,-0.0012
5.03528,-0.0012
5.03535,-0.0012
5.03542,-0.0012
5.03549,-0.0012
5.03556,-0.0012
5.03563,-0.0012
5.0357,-0.0013
5.03577,-0.0013
5.03584,-0.0013
5.03591,-0.0013
5.03598,-0.0013
5.03605,-0.0013
5.03613,-0.0012
5.0362,-0.0012
5.03627,-0.0012
5.03634,-0.0012
5.03641,-0.0013
5.03648,-0.0012
5.03655,-0.0011
5.03662,-0.0012
5.03669,-0.0012
5.03676,-0.0012
5.03684,-0.0012
5.03691,-0.0012
5.03698,-0.0012
5.03705,-0.0013
5.03712,-0.0013
5.09358,-0.0012
5.09367,-0.0012
5.09375,-0.0013
5.09382,-0.0012
5.09389,-0.0012
5.09395,-0.0013
5.094,-0.0012
5.09404,-0.0012
5.09409,-0.0012
5.09413,-0.0012
5.09417,-0.0012
5.09421,-0.0012
5.09426,-0.0011
5.0943,-0.0011
5.09434,-0.0011
5.09439,-0.0011
5.09443,-0.0011
5.09447,-0.0012
5.09451,-0.0012
5.09456,-0.0012
5.0946,-0.0013
5.09464,-0.0012
5.09468,-0.0012
5.09473,-0.0012
5.09477,-0.0013
5.09481,-0.0013
5.09486,-0.0012
5.0949,-0.0012
5.09494,-0.0012
5.09499,-0.0011
5.09503,-0.0011
5.09508,-0.0012
5.09512,-0.0012
5.09517,-0.0012
5.09521,-0.0012
5.15246,-0.0012
5.15254,-0.0012
5.15261,-0.0012
5.15269,-0.0012
5.15276,-0.0012
5.15282,-0.0012
5.15287,-0.0012
5.15291,-0.0012
5.15295,-0.0012
5.153,-0.0011
5.15304,-0.0011
5.15308,-0.0011
5.15313,-0.0011
5.15317,-0.0012
5.15321,-0.0012
5.15325,-0.0013
5.1533,-0.0013
5.15334,-0.0013
5.15347,-0.0012
5.15354,-0.0012
5.15361,-0.0012
5.15368,-0.0011
5.15375,-0.0011
5.15382,-0.0011
5.15389,-0.0011
5.15396,-0.0011
5.15404,-0.0012
5.15411,-0.0012
5.15418,-0.0012
5.15425,-0.0012
5.15432,-0.0012
5.15439,-0.0012
5.15446,-0.0012
5.15454,-0.0012
5.15461,-0.0012
5.21176,-0.0012
5.21184,-0.0012
5.21191,-0.0012
5.21198,-0.0012
5.21206,-0.0012
5.21213,-0.0013
5.2122,-0.0013
5.21227,-0.0013
5.21234,-0.0013
5.21241,-0.0013
5.21248,-0.0013
5.21255,-0.0013
5.21262,-0.0013
5.21269,-0.0014
5.21276,-0.0014
5.21283,-0.0014
5.2129,-0.0013
5.21297,-0.0013
5.21304,-0.0013
5.21311,-0.0012
5.21318,-0.0013
5.21325,-0.0012
5.21332,-0.0012
5.21343,-0.0012
5.21351,-0.0012
5.21358,-0.0012
5.21363,-0.0012
5.21369,-0.0011
5.21374,-0.0011
5.21379,-0.0011
5.21384,-0.0011
5.21389,-0.0011
5.21394,-0.0011
5.21399,-0.0012
5.21404,-0.0012
5.21409,-0.0012
5.27066,-0.0012
5.27072,-0.0012
5.27076,-0.0012
5.27081,-0.0011
5.27088,-0.0012
5.27102,-0.0012
5.2711,-0.0012
5.27118,-0.0012
5.27126,-0.0012
5.27134,-0.0013
5.27142,-0.0013
5.2715,-0.0014
5.27158,-0.0014
5.27166,-0.0013
5.27174,-0.0013
5.27182,-0.0013
5.2719,-0.0013
5.27198,-0.0012
5.27205,-0.0012
5.27213,-0.0012
5.27222,-0.0012
5.2723,-0.0012
5.27238,-0.0012
5.27245,-0.0012
5.27253,-0.0012
5.27261,-0.0012
5.27269,-0.0012
5.27278,-0.0012
5.27286,-0.0012
5.27294,-0.0012
5.27302,-0.0012
5.2731,-0.0012
5.27319,-0.0013
5.27327,-0.0013
5.27335,-0.0013
5.32984,-0.0012
5.32992,-0.0012
5.32999,-0.0012
5.33006,-0.0012
5.33013,-0.0013
5.3302,-0.0013
5.33028,-0.0013
5.33035,-0.0012
5.33041,-0.0012
5.33046,-0.0011
5.3305,-0.0011
5.33054,-0.0012
5.33059,-0.0012
5.33063,-0.0013
5.33067,-0.0013
5.33071,-0.0013
5.33076,-0.0013
5.3308,-0.0014
5.33084,-0.0014
5.33089,-0.0014
5.33093,-0.0014
5.33097,-0.0013
5.33101,-0.0013
5.33106,-0.0012
5.3311,-0.0012
5.33114,-0.0012
5.33118,-0.0012
5.33123,-0.0012
5.33128,-0.0013
5.33132,-0.0013
5.33136,-0.0013
5.33141,-0.0013
5.33145,-0.0012
5.3315,-0.0012
5.33154,-0.0012
5.33158,-0.0012
5.38878,-0.0012
5.38887,-0.0012
5.38908,-0.0012
5.38913,-0.0013
5.38918,-0.0013
5.38922,-0.0013
5.38926,-0.0013
5.38931,-0.0013
5.38935,-0.0012
5.38943,-0.0012
5.38948,-0.0013
5.38952,-0.0013
5.38956,-0.0012
5.38961,-0.0012
5.38965,-0.0012
5.38969,-0.0012
5.38973,-0.0013
5.38978,-0.0013
5.38982,-0.0012
5.38986,-0.0012
5.3899,-0.0011
5.38995,-0.0011
5.38999,-0.0011
5.39003,-0.0012
5.39008,-0.0013
5.39012,-0.0013
5.39016,-0.0012
5.39021,-0.0011
5.39025,-0.001
5.3903,-0.001
5.39034,-0.0011
5.39039,-0.0011
5.39043,-0.0012
5.39048,-0.0013
5.39052,-0.0013
5.44799,-0.0013
5.44807,-0.0013
5.44814,-0.0012
5.44821,-0.0012
5.44828,-0.0011
5.44835,-0.0011
5.44843,-0.0011
5.4485,-0.0011
5.44857,-0.0011
5.44864,-0.0011
5.44871,-0.0012
5.44878,-0.0012
5.44885,-0.0012
5.44892,-0.0012
5.44899,-0.0012
5.44906,-0.0012
5.44914,-0.0012
5.44921,-0.0012
5.44928,-0.0012
5.44935,-0.0012
5.44947,-0.0012
5.44954,-0.0012
5.44961,-0.0012
5.44968,-0.0012
5.44975,-0.0012
5.44982,-0.0011
5.44989,-0.0012
5.44997,-0.0012
5.45004,-0.0013
5.45011,-0.0013
5.45018,-0.0013
5.45025,-0.0013
5.45036,-0.0013
5.45043,-0.0012
5.4505,-0.0012
5.45057,-0.0012
5.50693,-0.0012
5.50701,-0.0013
5.50708,-0.0013
5.50715,-0.0014
5.50722,-0.0014
5.50729,-0.0014
5.50736,-0.0013
5.50743,-0.0012
5.5075,-0.0012
5.50757,-0.0012
5.50765,-0.0013
5.50772,-0.0012
5.50779,-0.0012
5.50786,-0.0012
5.50793,-0.0011
5.508,-0.0012
5.50807,-0.0012
5.50814,-0.0012
5.50821,-0.0012
5.50828,-0.0011
5.50835,-0.0011
5.50842,-0.0011
5.50849,-0.0011
5.50856,-0.0011
5.50863,-0.0011
5.5087,-0.0011
5.50877,-0.0012
5.50885,-0.0012
5.50892,-0.0012
5.50899,-0.0012
5.50906,-0.0012
5.50913,-0.0012
5.5092,-0.0012
5.50928,-0.0012
5.50935,-0.0012
5.56582,-0.0012
5.5659,-0.0012
5.56597,-0.0012
5.56604,-0.0012
5.56612,-0.0012
5.56619,-0.0013
5.56626,-0.0013
5.56633,-0.0014
5.5664,-0.0013
5.56647,-0.0013
5.56654,-0.0013
5.56661,-0.0013
5.56668,-0.0013
5.56675,-0.0013
5.56683,-0.0013
5.5669,-0.0013
5.56697,-0.0012
5.56704,-0.0012
5.56711,-0.0012
5.56718,-0.0012
5.56725,-0.0012
5.56731,-0.0012
5.56739,-0.0012
5.56746,-0.0012
5.56753,-0.0012
5.5676,-0.0013
5.56767,-0.0012
5.56774,-0.0012
5.56781,-0.0012
5.56788,-0.0012
5.56795,-0.0013
5.56803,-0.0013
5.5681,-0.0013
5.56817,-0.0013
5.56824,-0.0013
5.62505,-0.0013
5.62513,-0.0012
5.6252,-0.0012
5.62527,-0.0012
5.62533,-0.0012
5.6254,-0.0012
5.62545,-0.0011
5.62549,-0.0011
5.62553,-0.0011
5.62558,-0.0011
5.62562,-0.0012
5.62566,-0.0012
5.6257,-0.0013
5.62575,-0.0013
5.62579,-0.0012
5.62583,-0.0012
5.62588,-0.0012
5.62592,-0.0012
5.62596,-0.0012
5.626,-0.0012
5.62605,-0.0012
5.62609,-0.0013
5.62613,-0.0013
5.62618,-0.0013
5.62622,-0.0012
5.62626,-0.0012
5.62631,-0.0012
5.62635,-0.0012
5.6264,-0.0012
5.62644,-0.0013
5.62649,-0.0013
5.62653,-0.0013
5.62658,-0.0013
5.62662,-0.0012
5.62667,-0.0011
5.62671,-0.0011
5.68395,-0.0012
5.684,-0.0013
5.68404,-0.0013
5.68408,-0.0013
5.68413,-0.0013
5.68417,-0.0012
5.68421,-0.0012
5.68425,-0.0012
5.6843,-0.0012
5.68434,-0.0012
5.68438,-0.0012
5.68442,-0.0013
5.68447,-0.0012
5.68451,-0.0012
5.68455,-0.0012
5.6846,-0.0012
5.68464,-0.0012
5.68468,-0.0012
5.68472,-0.0011
5.68477,-0.0011
5.68481,-0.0011
5.68485,-0.0012
5.68489,-0.0012
5.68494,-0.0013
5.68498,-0.0013
5.68502,-0.0013
5.68507,-0.0013
5.68511,-0.0012
5.68515,-0.0013
5.6852,-0.0013
5.68524,-0.0012
5.68529,-0.0012
5.68533,-0.0012
5.68537,-0.0012
5.68546,-0.0012
5.74318,-0.0012
5.74325,-0.0013
5.74331,-0.0013
5.74338,-0.0013
5.74344,-0.0013
5.74351,-0.0014
5.74357,-0.0013
5.74363,-0.0013
5.74369,-0.0013
5.74373,-0.0012
5.74377,-0.0012
5.74381,-0.0012
5.74385,-0.0012
5.74389,-0.0013
5.74393,-0.0013
5.74396,-0.0013
5.744,-0.0013
5.74404,-0.0013
5.74408,-0.0013
5.74412,-0.0013
5.74416,-0.0012
5.7442,-0.0011
5.74423,-0.0012
5.74427,-0.0011
5.74431,-0.0012
5.74435,-0.0012
5.74439,-0.0011
5.74443,-0.0012
5.74447,-0.0012
5.74451,-0.0012
5.74455,-0.0012
5.74459,-0.0012
5.74463,-0.0012
5.74467,-0.0012
5.74471,-0.0013
5.74475,-0.0013
5.80209,-0.0014
5.80214,-0.0014
5.80218,-0.0013
5.80221,-0.0013
5.80225,-0.0013
5.80229,-0.0013
5.80233,-0.0013
5.80237,-0.0012
5.80241,-0.0012
5.80244,-0.0012
5.80248,-0.0012
5.80252,-0.0012
5.80256,-0.0012
5.8026,-0.0013
5.80264,-0.0013
5.80268,-0.0013
5.80271,-0.0013
5.80275,-0.0012
5.80279,-0.0012
5.80283,-0.0012
5.80287,-0.0012
5.80291,-0.0012
5.80294,-0.0012
5.80298,-0.0013
5.80302,-0.0012
5.80306,-0.0012
5.8031,-0.0012
5.80314,-0.0012
5.80318,-0.0012
5.80322,-0.0011
5.80326,-0.0012
5.8033,-0.0012
5.80334,-0.0012
5.80338,-0.0011
5.80342,-0.0011
5.86135,-0.0011
5.86148,-0.0011
5.86156,-0.0012
5.86163,-0.0012
5.86169,-0.0013
5.86174,-0.0013
5.86178,-0.0012
5.86182,-0.0012
5.86187,-0.0012
5.86191,-0.0013
5.86195,-0.0013
5.862,-0.0012
5.86204,-0.0012
5.86208,-0.0012
5.86212,-0.0012
5.86217,-0.0012
5.86221,-0.0012
5.86225,-0.0012
5.86229,-0.0013
5.86234,-0.0013
5.86238,-0.0012
5.86242,-0.0012
5.86246,-0.0012
5.86251,-0.0011
5.86255,-0.0011
5.86259,-0.0012
5.86264,-0.0012
5.86268,-0.0012
5.86272,-0.0012
5.86277,-0.0012
5.86281,-0.0012
5.86286,-0.0012
5.8629,-0.0012
5.86295,-0.0012
5.86299,-0.0012
5.86303,-0.0012
5.92033,-0.0012
5.92041,-0.0012
5.92049,-0.0012
5.92056,-0.0013
5.92063,-0.0013
5.9207,-0.0013
5.92078,-0.0013
5.92085,-0.0013
5.92092,-0.0013
5.92098,-0.0014
5.92103,-0.0014
5.92107,-0.0014
5.92111,-0.0013
5.92116,-0.0012
5.9212,-0.0012
5.92124,-0.0013
5.92129,-0.0013
5.92133,-0.0013
5.92137,-0.0013
5.92145,-0.0012
5.92149,-0.0012
5.92153,-0.0012
5.92158,-0.0011
5.92162,-0.0011
5.92166,-0.0012
5.9217,-0.0012
5.92175,-0.0013
5.92179,-0.0013
5.92184,-0.0013
5.92188,-0.0013
5.92193,-0.0012
5.92197,-0.0012
5.92202,-0.0012
5.92206,-0.0011
5.9221,-0.0011
5.9792,-0.0011
5.97929,-0.0011
5.97937,-0.0012
5.97945,-0.0012
5.97953,-0.0012
5.9796,-0.0012
5.97966,-0.0012
5.97971,-0.0012
5.97975,-0.0012
5.97982,-0.0012
5.97987,-0.0012
5.97992,-0.0012
5.97997,-0.0013
5.98002,-0.0013
5.98006,-0.0013
5.98011,-0.0013
5.98016,-0.0013
5.98021,-0.0013
5.98026,-0.0013
5.9803,-0.0013
5.98035,-0.0012
5.9804,-0.0012
5.98045,-0.0011
5.9805,-0.0011
5.98055,-0.0011
5.98059,-0.0011
5.98064,-0.0011
5.98069,-0.0012
5.98074,-0.0012
5.98079,-0.0012
5.98084,-0.0012
5.98089,-0.0012
5.98094,-0.0012
5.98099,-0.0012
5.98104,-0.0013
6.03841,-0.0012
6.03849,-0.0012
6.03856,-0.0012
6.03864,-0.0013
6.0387,-0.0013
6.03875,-0.0012
6.03879,-0.0011
6.03883,-0.0011
6.03889,-0.0011
6.03894,-0.0011
6.03898,-0.0011
6.03902,-0.0011
6.03907,-0.0011
6.03911,-0.0012
6.03915,-0.0013
6.03919,-0.0013
6.03924,-0.0013
6.03928,-0.0013
6.03932,-0.0013
6.03936,-0.0013
6.03941,-0.0012
6.03945,-0.0012
6.03949,-0.0012
6.03953,-0.0012
6.03958,-0.0013
6.03962,-0.0013
6.03966,-0.0013
6.03971,-0.0013
6.03975,-0.0013
6.03979,-0.0013
6.03984,-0.0013
6.03988,-0.0013
6.03993,-0.0012
6.03997,-0.0012
6.04002,-0.0012
6.04006,-0.0012
6.09733,-0.0012
6.09744,-0.0012
6.09752,-0.0012
6.09759,-0.0012
6.09766,-0.0012
6.09773,-0.0011
6.0978,-0.0011
6.09787,-0.0011
6.09795,-0.0011
6.09802,-0.0012
6.09809,-0.0012
6.09816,-0.0012
6.09823,-0.0012
6.0983,-0.0012
6.09837,-0.0012
6.09844,-0.0012
6.09851,-0.0012
6.09858,-0.0013
6.09865,-0.0013
6.09873,-0.0014
6.0988,-0.0014
6.09887,-0.0013
6.09894,-0.0013
6.09901,-0.0013
6.09908,-0.0013
6.09915,-0.0014
6.09922,-0.0014
6.09929,-0.0014
6.09936,-0.0013
6.09943,-0.0013
6.09951,-0.0012
6.09958,-0.0012
6.09965,-0.0011
6.09972,-0.0011
6.09979,-0.0012
6.15655,-0.0013
6.15663,-0.0013
6.1567,-0.0013
6.15677,-0.0013
6.15685,-0.0013
6.15692,-0.0013
6.15697,-0.0013
6.15702,-0.0013
6.15706,-0.0012
6.1571,-0.0012
6.15715,-0.0012
6.15719,-0.0012
6.15723,-0.0011
6.15728,-0.0011
6.15732,-0.0011
6.15736,-0.0011
6.15744,-0.0012
6.15748,-0.0012
6.15753,-0.0013
6.15757,-0.0013
6.15761,-0.0013
6.15766,-0.0013
6.1577,-0.0013
6.15774,-0.0012
6.15779,-0.0012
6.15783,-0.0011
6.15787,-0.0011
6.15792,-0.0012
6.15796,-0.0012
6.15801,-0.0012
6.15805,-0.0012
6.1581,-0.0012
6.15814,-0.0011
6.15818,-0.0012
6.15823,-0.0012
6.15827,-0.0013
6.21552,-0.0014
6.21561,-0.0014
6.21568,-0.0013
6.21576,-0.0013
6.21583,-0.0013
6.2159,-0.0012
6.21597,-0.0012
6.21605,-0.0012
6.21612,-0.0012
6.21619,-0.0012
6.21626,-0.0013
6.21633,-0.0013
6.2164,-0.0013
6.21647,-0.0013
6.21655,-0.0013
6.21662,-0.0013
6.21669,-0.0014
6.21679,-0.0013
6.21687,-0.0013
6.21695,-0.0012
6.21702,-0.0013
6.21709,-0.0013
6.21716,-0.0012
6.21723,-0.0012
6.2173,-0.0012
6.21745,-0.0013
6.21757,-0.0013
6.21765,-0.0013
6.21772,-0.0012
6.21779,-0.0012
6.21787,-0.0013
6.21794,-0.0013
6.21801,-0.0012
6.21808,-0.0012
6.21816,-0.0012
6.27473,-0.0012
6.27481,-0.0012
6.27489,-0.0011
6.27497,-0.0011
6.27506,-0.0012
6.27514,-0.0012
6.27522,-0.0013
6.2753,-0.0013
6.27538,-0.0012
6.27545,-0.0012
6.2755,-0.0012
6.27555,-0.0012
6.2756,-0.0012
6.27565,-0.0012
6.27569,-0.0012
6.27574,-0.0012
6.27579,-0.0012
6.27584,-0.0012
6.27589,-0.0012
6.27594,-0.0012
6.27598,-0.0012
6.27603,-0.0012
6.27608,-0.0012
6.27613,-0.0012
6.27618,-0.0012
6.27623,-0.0013
6.27627,-0.0012
6.27632,-0.0012
6.27637,-0.0012
6.27642,-0.0011
6.27647,-0.0012
6.27652,-0.0012
6.27657,-0.0013
6.27662,-0.0013
6.27667,-0.0013
6.27672,-0.0013
6.33369,-0.0013
6.33378,-0.0012
6.33386,-0.0012
6.33394,-0.0012
6.33402,-0.0013
6.3341,-0.0013
6.33417,-0.0013
6.33422,-0.0013
6.33427,-0.0013
6.33432,-0.0013
6.33437,-0.0013
6.33441,-0.0013
6.33446,-0.0013
6.33451,-0.0013
6.33456,-0.0013
6.33461,-0.0012
6.33465,-0.0012
6.3347,-0.0013
6.33475,-0.0013
6.3348,-0.0014
6.33485,-0.0014
6.33489,-0.0014
6.33494,-0.0014
6.33499,-0.0013
6.33504,-0.0013
6.33509,-0.0013
6.33514,-0.0013
6.33519,-0.0013
6.33524,-0.0012
6.33529,-0.0012
6.33534,-0.0011
6.33539,-0.0012
6.33544,-0.0012
6.33549,-0.0012
6.33554,-0.0012
6.39256,-0.0012
6.39264,-0.0013
6.39272,-0.0013
6.3928,-0.0013
6.39288,-0.0013
6.39297,-0.0013
6.39305,-0.0013
6.39313,-0.0013
6.39321,-0.0013
6.39329,-0.0012
6.39336,-0.0012
6.39349,-0.0012
6.39357,-0.0012
6.39362,-0.0012
6.39367,-0.0012
6.39372,-0.0012
6.39377,-0.0012
6.39381,-0.0012
6.39386,-0.0013
6.39391,-0.0013
6.39396,-0.0013
6.39401,-0.0012
6.39405,-0.0012
6.3941,-0.0012
6.39415,-0.0012
6.3942,-0.0011
6.39425,-0.0012
6.3943,-0.0012
6.39434,-0.0013
6.3944,-0.0014
6.39445,-0.0013
6.3945,-0.0013
6.39455,-0.0012
6.3946,-0.0012
6.39465,-0.0013
6.45183,-0.0013
6.4519,-0.0013
6.45198,-0.0013
6.45205,-0.0012
6.45212,-0.0012
6.45219,-0.0011
6.45226,-0.0012
6.45233,-0.0011
6.4524,-0.0012
6.45247,-0.0012
6.45254,-0.0012
6.45261,-0.0012
6.45268,-0.0012
6.45275,-0.0012
6.45283,-0.0013
6.4529,-0.0013
6.45297,-0.0013
6.45304,-0.0013
6.45311,-0.0013
6.45318,-0.0012
6.45325,-0.0012
6.45332,-0.0012
6.45343,-0.0011
6.4535,-0.0012
6.45358,-0.0012
6.45365,-0.0012
6.45372,-0.0012
6.45379,-0.0012
6.45386,-0.0012
6.45393,-0.0012
6.454,-0.0012
6.45407,-0.0013
6.45415,-0.0013
6.45422,-0.0013
6.45429,-0.0013
6.45436,-0.0013
6.5107,-0.0013
6.51078,-0.0012
6.51085,-0.0013
6.51093,-0.0013
6.511,-0.0012
6.51107,-0.0012
6.51114,-0.0012
6.51121,-0.0012
6.51128,-0.0013
6.51135,-0.0013
6.51142,-0.0013
6.51149,-0.0013
6.51156,-0.0013
6.51163,-0.0012
6.51171,-0.0012
6.51178,-0.0012
6.51185,-0.0012
6.51192,-0.0012
6.51199,-0.0012
6.51206,-0.0012
6.51213,-0.0013
6.5122,-0.0012
6.51227,-0.0012
6.51234,-0.0012
6.51241,-0.0012
6.51248,-0.0013
6.51255,-0.0013
6.51277,-0.0013
6.51283,-0.0013
6.51288,-0.0012
6.51292,-0.0012
6.51297,-0.0012
6.51301,-0.0012
6.51306,-0.0012
6.5131,-0.0013
6.56992,-0.0013
6.57,-0.0013
6.57007,-0.0013
6.57014,-0.0013
6.57021,-0.0012
6.57028,-0.0012
6.57035,-0.0012
6.57042,-0.0012
6.57049,-0.0012
6.57056,-0.0013
6.5706,-0.0013
6.57065,-0.0013
6.57069,-0.0013
6.57073,-0.0013
6.57078,-0.0013
6.57082,-0.0012
6.57086,-0.0013
6.57091,-0.0013
6.57095,-0.0013
6.57099,-0.0012
6.57103,-0.0012
6.57108,-0.0012
6.57112,-0.0012
6.57116,-0.0013
6.57121,-0.0013
6.57125,-0.0013
6.57129,-0.0013
6.57134,-0.0012
6.57138,-0.0011
6.57143,-0.0011
6.57147,-0.0012
6.57151,-0.0012
6.57156,-0.0013
6.5716,-0.0013
6.57165,-0.0013
6.57169,-0.0013
6.62894,-0.0013
6.62902,-0.0013
6.62909,-0.0014
6.62916,-0.0014
6.62924,-0.0013
6.62931,-0.0013
6.62941,-0.0012
6.62949,-0.0012
6.62956,-0.0012
6.62963,-0.0012
6.62971,-0.0012
6.62978,-0.0012
6.62985,-0.0012
6.62992,-0.0012
6.62999,-0.0012
6.63006,-0.0011
6.63013,-0.0012
6.6302,-0.0012
6.63027,-0.0013
6.63034,-0.0014
6.63041,-0.0013
6.63048,-0.0013
6.63052,-0.0013
6.63057,-0.0012
6.63061,-0.0012
6.63065,-0.0012
6.6307,-0.0013
6.63074,-0.0013
6.63079,-0.0012
6.63086,-0.0012
6.63091,-0.0012
6.63096,-0.0012
6.63101,-0.0012
6.63106,-0.0012
6.63111,-0.0012
6.68809,-0.0012
6.68818,-0.0012
6.68826,-0.0012
6.68834,-0.0013
6.68842,-0.0012
6.6885,-0.0012
6.68858,-0.0012
6.68866,-0.0011
6.68874,-0.0011
6.68882,-0.0011
6.6889,-0.0012
6.68898,-0.0013
6.68906,-0.0013
6.68914,-0.0012
6.68922,-0.0012
6.6893,-0.0012
6.68943,-0.0013
6.6895,-0.0013
6.68955,-0.0013
6.68959,-0.0013
6.68964,-0.0013
6.68969,-0.0012
6.68974,-0.0013
6.68979,-0.0013
6.68983,-0.0012
6.68988,-0.0012
6.68993,-0.0012
6.68998,-0.0012
6.69003,-0.0012
6.69008,-0.0011
6.69013,-0.0012
6.69018,-0.0012
6.69023,-0.0013
6.69028,-0.0013
6.69033,-0.0013
6.69038,-0.0012
6.74699,-0.0012
6.74707,-0.0012
6.74715,-0.0012
6.74722,-0.0013
6.74729,-0.0013
6.74736,-0.0012
6.74743,-0.0012
6.7475,-0.0012
6.74757,-0.0013
6.74764,-0.0013
6.74771,-0.0013
6.74778,-0.0013
6.74785,-0.0013
6.74792,-0.0013
6.74799,-0.0013
6.74806,-0.0013
6.74813,-0.0013
6.7482,-0.0012
6.74827,-0.0012
6.74834,-0.0012
6.74841,-0.0012
6.74848,-0.0012
6.74875,-0.0012
6.74883,-0.0012
6.7489,-0.0013
6.74897,-0.0014
6.74904,-0.0013
6.74911,-0.0013
6.74919,-0.0013
6.74926,-0.0013
6.74933,-0.0013
6.74945,-0.0013
6.74953,-0.0013
6.7496,-0.0012
6.74967,-0.0012
6.8059,-0.0012
6.80598,-0.0012
6.80605,-0.0012
6.80613,-0.0012
6.8062,-0.0011
6.80626,-0.0011
6.80631,-0.0011
6.80635,-0.0011
6.80639,-0.0012
6.80644,-0.0012
6.80648,-0.0013
6.80652,-0.0013
6.80656,-0.0012
6.80661,-0.0012
6.80665,-0.0012
6.80669,-0.0012
6.80673,-0.0013
6.80678,-0.0013
6.80682,-0.0013
6.80689,-0.0013
6.80693,-0.0013
6.80697,-0.0013
6.80701,-0.0013
6.80706,-0.0012
6.8071,-0.0012
6.80714,-0.0012
6.80719,-0.0011
6.80723,-0.0012
6.80728,-0.0012
6.80732,-0.0012
6.80736,-0.0013
6.80741,-0.0013
6.80745,-0.0013
6.8075,-0.0013
6.80754,-0.0012
6.86514,-0.0012
6.86522,-0.0012
6.8653,-0.0013
6.86537,-0.0013
6.86548,-0.0013
6.86555,-0.0013
6.86572,-0.0012
6.86599,-0.0012
6.86607,-0.0011
6.86614,-0.0011
6.86621,-0.0012
6.86628,-0.0011
6.86635,-0.0011
6.86642,-0.0011
6.86649,-0.0012
6.86656,-0.0012
6.86663,-0.0013
6.8667,-0.0012
6.86677,-0.0012
6.86684,-0.0011
6.86691,-0.0011
6.86698,-0.0012
6.86705,-0.0012
6.86712,-0.0013
6.86719,-0.0014
6.86726,-0.0013
6.86733,-0.0013
6.86741,-0.0012
6.86748,-0.0012
6.86755,-0.0012
6.86763,-0.0011
6.8677,-0.0012
6.86777,-0.0012
6.86784,-0.0012
6.86791,-0.0012
6.86799,-0.0013
6.92407,-0.0013
6.92415,-0.0014
6.92422,-0.0014
6.92429,-0.0014
6.92436,-0.0014
6.92443,-0.0013
6.9245,-0.0013
6.92457,-0.0012
6.92464,-0.0012
6.92471,-0.0013
6.92478,-0.0013
6.92486,-0.0014
6.92493,-0.0014
6.925,-0.0014
6.92507,-0.0014
6.92514,-0.0013
6.92521,-0.0013
6.92528,-0.0013
6.92535,-0.0012
6.92546,-0.0012
6.92553,-0.0012
6.9256,-0.0012
6.92564,-0.0013
6.92569,-0.0012
6.92573,-0.0012
6.92577,-0.0012
6.92582,-0.0012
6.92586,-0.0012
6.92591,-0.0012
6.92595,-0.0013
6.92599,-0.0013
6.92604,-0.0013
6.92608,-0.0013
6.92613,-0.0012
6.92617,-0.0012
6.98331,-0.0012
6.9834,-0.0012
6.98348,-0.0012
6.98356,-0.0012
6.98364,-0.0012
6.98372,-0.0012
6.9838,-0.0012
6.98388,-0.0013
6.98396,-0.0013
6.98404,-0.0013
6.98412,-0.0013
6.9842,-0.0013
6.98428,-0.0013
6.98436,-0.0013
6.98444,-0.0012
6.98452,-0.0012
6.98459,-0.0012
6.98468,-0.0012
6.98476,-0.0012
6.98483,-0.0012
6.98491,-0.0012
6.98499,-0.0012
6.98507,-0.0012
6.98515,-0.0011
6.98523,-0.0011
6.98531,-0.0012
6.98543,-0.0013
6.98552,-0.0014
6.98559,-0.0014
6.98564,-0.0014
6.98569,-0.0013
6.98574,-0.0012
6.98579,-0.0011
6.98584,-0.0011
6.98589,-0.0012
6.98594,-0.0013
7.04221,-0.0013
7.04228,-0.0013
7.04236,-0.0013
7.04243,-0.0013
7.0425,-0.0012
7.04257,-0.0012
7.04264,-0.0012
7.04271,-0.0012
7.04278,-0.0012
7.04285,-0.0012
7.04289,-0.0013
7.04294,-0.0013
7.04298,-0.0013
7.04302,-0.0013
7.04307,-0.0013
7.04311,-0.0013
7.04315,-0.0012
7.04319,-0.0012
7.04324,-0.0012
7.04328,-0.0012
7.04332,-0.0012
7.04337,-0.0013
7.04341,-0.0013
7.04345,-0.0013
7.04349,-0.0013
7.04354,-0.0012
7.04358,-0.0012
7.04363,-0.0012
7.04367,-0.0011
7.04372,-0.0011
7.04376,-0.0011
7.0438,-0.0012
7.04385,-0.0012
7.04389,-0.0013
7.04398,-0.0013
7.10145,-0.0012
7.1015,-0.0012
7.10154,-0.0012
7.10159,-0.0011
7.10163,-0.0012
7.10167,-0.0012
7.10172,-0.0012
7.10176,-0.0012
7.1018,-0.0012
7.10184,-0.0012
7.10189,-0.0012
7.10193,-0.0012
7.10197,-0.0012
7.10202,-0.0012
7.10206,-0.0011
7.1021,-0.0011
7.10215,-0.0012
7.10219,-0.0012
7.10223,-0.0012
7.10228,-0.0012
7.10232,-0.0012
7.10236,-0.0013
7.1024,-0.0013
7.10245,-0.0013
7.10249,-0.0012
7.10253,-0.0012
7.10258,-0.0012
7.10262,-0.0012
7.10267,-0.0012
7.10271,-0.0012
7.10275,-0.0012
7.1028,-0.0012
7.10284,-0.0013
7.10289,-0.0013
7.10293,-0.0013
7.10298,-0.0013
7.16146,-0.0013
7.16155,-0.0013
7.1616,-0.0013
7.16165,-0.0013
7.16169,-0.0012
7.16173,-0.0012
7.16178,-0.0012
7.16182,-0.0012
7.16186,-0.0012
7.1619,-0.0012
7.16195,-0.0012
7.16199,-0.0012
7.16203,-0.0012
7.16208,-0.0012
7.16212,-0.0012
7.16216,-0.0012
7.16221,-0.0012
7.16225,-0.0012
7.16229,-0.0012
7.16234,-0.0012
7.16238,-0.0012
7.16242,-0.0012
7.16246,-0.0013
7.16251,-0.0013
7.16258,-0.0013
7.16263,-0.0013
7.16268,-0.0013
7.16273,-0.0012
7.16277,-0.0012
7.16282,-0.0012
7.16286,-0.0012
7.16291,-0.0013
7.16295,-0.0013
7.163,-0.0013
7.16304,-0.0012
7.21935,-0.0012
7.21944,-0.0012
7.21951,-0.0011
7.21958,-0.0012
7.21965,-0.0012
7.21972,-0.0012
7.21979,-0.0013
7.21986,-0.0012
7.21993,-0.0012
7.22001,-0.0012
7.22008,-0.0012
7.22015,-0.0012
7.22022,-0.0012
7.22029,-0.0011
7.22036,-0.0011
7.22043,-0.0011
7.2205,-0.0012
7.22057,-0.0012
7.22064,-0.0012
7.22071,-0.0012
7.22078,-0.0011
7.22085,-0.0012
7.22093,-0.0012
7.221,-0.0012
7.22107,-0.0012
7.22114,-0.0013
7.22121,-0.0013
7.22129,-0.0013
7.22136,-0.0012
7.22149,-0.0011
7.22156,-0.0011
7.22164,-0.0012
7.22171,-0.0012
7.22178,-0.0012
7.22185,-0.0012
7.28145,-0.0012
7.28548,-0.0012
7.28558,-0.0013
7.28563,-0.0012
7.28567,-0.0012
7.28572,-0.0012
7.28576,-0.0012
7.2858,-0.0013
7.28585,-0.0013
7.28589,-0.0014
7.28593,-0.0014
7.28598,-0.0014
7.28602,-0.0013
7.28606,-0.0012
7.2861,-0.0011
7.28615,-0.0011
7.28619,-0.0012
7.28623,-0.0013
7.28628,-0.0013
7.28632,-0.0013
7.28636,-0.0013
7.28641,-0.0012
7.28645,-0.0012
7.28649,-0.0012
7.28654,-0.0012
7.28658,-0.0012
7.28662,-0.0011
7.28667,-0.0011
7.28671,-0.0011
7.28676,-0.0011
7.2868,-0.0011
7.28685,-0.0011
7.2869,-0.0012
7.28694,-0.0012
7.28699,-0.0012
7.28703,-0.0011
7.34151,-0.0011
7.34161,-0.0012
7.34166,-0.0013
7.3417,-0.0014
7.34175,-0.0013
7.34179,-0.0013
7.34183,-0.0012
7.34188,-0.0012
7.34192,-0.0013
7.34196,-0.0013
7.34201,-0.0013
7.34205,-0.0012
7.34209,-0.0012
7.34217,-0.0012
7.34226,-0.0011
7.34235,-0.0011
7.34243,-0.0011
7.3425,-0.0012
7.34259,-0.0013
7.34267,-0.0013
7.34274,-0.0013
7.34282,-0.0012
7.34291,-0.0012
7.34299,-0.0012
7.34307,-0.0013
7.34316,-0.0013
7.34324,-0.0013
7.34331,-0.0012
7.34339,-0.0012
7.34347,-0.0012
7.34354,-0.0013
7.34362,-0.0013
7.34369,-0.0012
7.34377,-0.0012
7.34384,-0.0012
7.39745,-0.0013
7.39753,-0.0013
7.39757,-0.0014
7.39762,-0.0013
7.39766,-0.0013
7.3977,-0.0012
7.39774,-0.0012
7.39779,-0.0012
7.39783,-0.0012
7.39787,-0.0012
7.39792,-0.0013
7.39796,-0.0013
7.398,-0.0012
7.39804,-0.0012
7.39809,-0.0012
7.39813,-0.0012
7.39817,-0.0012
7.39822,-0.0012
7.39826,-0.0012
7.3983,-0.0013
7.39834,-0.0013
7.39839,-0.0012
7.39843,-0.0013
7.39847,-0.0012
7.39852,-0.0012
7.39856,-0.0013
7.3986,-0.0012
7.39864,-0.0012
7.39869,-0.0012
7.39873,-0.0011
7.39878,-0.0012
7.39882,-0.0012
7.39887,-0.0013
7.39891,-0.0014
7.39895,-0.0014
7.399,-0.0014
7.45558,-0.0013
7.45566,-0.0013
7.45573,-0.0012
7.4558,-0.0012
7.45587,-0.0012
7.45594,-0.0012
7.45601,-0.0012
7.45606,-0.0012
7.4561,-0.0012
7.45614,-0.0012
7.45619,-0.0012
7.45623,-0.0011
7.45627,-0.0012
7.45631,-0.0012
7.45636,-0.0012
7.4564,-0.0012
7.45644,-0.0012
7.45648,-0.0012
7.45653,-0.0012
7.45657,-0.0012
7.45661,-0.0013
7.45666,-0.0013
7.4567,-0.0013
7.45674,-0.0013
7.45678,-0.0013
7.45683,-0.0013
7.45687,-0.0013
7.45692,-0.0012
7.45696,-0.0011
7.457,-0.0011
7.45705,-0.0011
7.45709,-0.0012
7.45714,-0.0012
7.45718,-0.0013
7.45723,-0.0013
7.51478,-0.0013
7.51485,-0.0013
7.51493,-0.0012
7.515,-0.0012
7.51507,-0.0012
7.51514,-0.0012
7.51521,-0.0012
7.51528,-0.0012
7.51535,-0.0012
7.51542,-0.0012
7.51549,-0.0013
7.51556,-0.0013
7.51563,-0.0014
7.5157,-0.0013
7.51577,-0.0013
7.51584,-0.0013
7.51591,-0.0013
7.51599,-0.0013
7.51606,-0.0012
7.51613,-0.0012
7.5162,-0.0011
7.51627,-0.0011
7.51634,-0.0011
7.51641,-0.0012
7.51648,-0.0012
7.51655,-0.0012
7.51662,-0.0012
7.51669,-0.0012
7.51676,-0.0013
7.51683,-0.0013
7.5169,-0.0013
7.51698,-0.0013
7.51705,-0.0013
7.51712,-0.0012
7.51719,-0.0012
7.51726,-0.0012
7.57373,-0.0012
7.57381,-0.0013
7.57388,-0.0013
7.57395,-0.0013
7.57402,-0.0014
7.57409,-0.0014
7.57416,-0.0014
7.57423,-0.0014
7.57431,-0.0013
7.57438,-0.0012
7.57445,-0.0012
7.57452,-0.0012
7.57459,-0.0012
7.57466,-0.0012
7.57473,-0.0012
7.5748,-0.0011
7.57487,-0.0011
7.57494,-0.0012
7.57501,-0.0012
7.57508,-0.0012
7.57515,-0.0012
7.57522,-0.0012
7.5753,-0.0012
7.57537,-0.0012
7.57544,-0.0012
7.57551,-0.0012
7.57558,-0.0012
7.57565,-0.0012
7.57572,-0.0012
7.57579,-0.0012
7.57586,-0.0011
7.57594,-0.0011
7.57601,-0.0012
7.57608,-0.0012
7.57615,-0.0013
7.63263,-0.0013
7.63271,-0.0013
7.63278,-0.0013
7.63285,-0.0012
7.63292,-0.0012
7.63299,-0.0012
7.63306,-0.0012
7.63314,-0.0013
7.63321,-0.0013
7.63328,-0.0012
7.63335,-0.0012
7.63346,-0.0011
7.63353,-0.0012
7.6336,-0.0013
7.63367,-0.0013
7.63374,-0.0013
7.63381,-0.0013
7.63388,-0.0012
7.63393,-0.0012
7.63397,-0.0012
7.63402,-0.0012
7.63406,-0.0012
7.6341,-0.0012
7.63414,-0.0013
7.63419,-0.0013
7.63423,-0.0012
7.63427,-0.0012
7.63432,-0.0012
7.63436,-0.0012
7.63441,-0.0011
7.63445,-0.0011
7.63449,-0.0011
7.63454,-0.0011
7.63458,-0.0012
7.63463,-0.0012
7.69185,-0.0012
7.69193,-0.0012
7.69201,-0.0013
7.69209,-0.0013
7.69217,-0.0013
7.69225,-0.0013
7.69233,-0.0013
7.69241,-0.0013
7.69249,-0.0013
7.69257,-0.0013
7.69265,-0.0013
7.69273,-0.0013
7.69281,-0.0013
7.69289,-0.0014
7.69297,-0.0014
7.69304,-0.0014
7.69313,-0.0014
7.6932,-0.0014
7.69328,-0.0013
7.69336,-0.0013
7.69349,-0.0012
7.69357,-0.0012
7.69365,-0.0012
7.69373,-0.0012
7.69381,-0.0012
7.69389,-0.0013
7.69397,-0.0013
7.69405,-0.0013
7.69413,-0.0014
7.69421,-0.0014
7.69429,-0.0014
7.69437,-0.0014
7.69445,-0.0014
7.69453,-0.0014
7.69462,-0.0014
7.6947,-0.0013
7.7508,-0.0013
7.75089,-0.0013
7.75097,-0.0013
7.75105,-0.0013
7.75113,-0.0013
7.75121,-0.0013
7.75129,-0.0013
7.75137,-0.0013
7.75145,-0.0013
7.75153,-0.0014
7.7516,-0.0014
7.75168,-0.0014
7.75176,-0.0014
7.75184,-0.0013
7.75192,-0.0013
7.752,-0.0012
7.75208,-0.0012
7.75216,-0.0012
7.75225,-0.0012
7.75232,-0.0012
7.7524,-0.0012
7.75248,-0.0013
7.75256,-0.0012
7.75264,-0.0012
7.75272,-0.0012
7.7528,-0.0012
7.75288,-0.0012
7.75296,-0.0012
7.75309,-0.0012
7.75315,-0.0012
7.7532,-0.0013
7.75325,-0.0013
7.7533,-0.0012
7.75335,-0.0012
7.7538,-0.0013
7.80999,-0.0013
7.81008,-0.0013
7.81016,-0.0013
7.81024,-0.0013
7.81032,-0.0013
7.8104,-0.0013
7.81048,-0.0013
7.81056,-0.0012
7.81064,-0.0012
7.81072,-0.0012
7.8108,-0.0012
7.81088,-0.0012
7.81095,-0.0012
7.81103,-0.0012
7.81111,-0.0012
7.81119,-0.0011
7.81127,-0.0011
7.81135,-0.0012
7.81143,-0.0012
7.81151,-0.0012
7.81159,-0.0012
7.81167,-0.0012
7.81175,-0.0012
7.81182,-0.0012
7.8119,-0.0012
7.81198,-0.0012
7.81206,-0.0011
7.81214,-0.0011
7.81222,-0.0012
7.81231,-0.0013
7.81239,-0.0013
7.81247,-0.0013
7.81254,-0.0013
7.8126,-0.0012
7.81265,-0.0013
7.8127,-0.0013
7.86891,-0.0012
7.86899,-0.0013
7.86906,-0.0012
7.86914,-0.0012
7.86921,-0.0012
7.86928,-0.0012
7.86935,-0.0012
7.86946,-0.0011
7.86954,-0.0011
7.86961,-0.0011
7.86968,-0.0011
7.86975,-0.0011
7.86982,-0.0011
7.86989,-0.0012
7.86996,-0.0012
7.87003,-0.0012
7.8701,-0.0013
7.87017,-0.0012
7.87024,-0.0012
7.87031,-0.0011
7.87038,-0.0011
7.87045,-0.0012
7.87052,-0.0012
7.87059,-0.0012
7.87066,-0.0012
7.87073,-0.0013
7.8708,-0.0012
7.87087,-0.0012
7.87095,-0.0012
7.87102,-0.0012
7.87109,-0.0012
7.87116,-0.0012
7.87123,-0.0012
7.8713,-0.0013
7.87137,-0.0013
7.92816,-0.0013
7.92823,-0.0013
7.9283,-0.0013
7.92838,-0.0012
7.92845,-0.0012
7.92851,-0.0012
7.92856,-0.0012
7.9286,-0.0013
7.92864,-0.0013
7.92869,-0.0013
7.92873,-0.0013
7.92877,-0.0012
7.92881,-0.0011
7.92886,-0.0011
7.9289,-0.0011
7.92894,-0.0011
7.92899,-0.0012
7.92903,-0.0012
7.92907,-0.0013
7.92911,-0.0014
7.92916,-0.0013
7.9292,-0.0013
7.92924,-0.0013
7.92929,-0.0012
7.92933,-0.0013
7.92937,-0.0012
7.92948,-0.0012
7.92953,-0.0011
7.92957,-0.0011
7.92961,-0.0011
7.92966,-0.0012
7.9297,-0.0012
7.92975,-0.0011
7.92979,-0.0011
7.92984,-0.0011
7.92988,-0.0011
7.98714,-0.0012
7.98722,-0.0012
7.98729,-0.0013
7.98736,-0.0014
7.98744,-0.0013
7.98751,-0.0013
7.98757,-0.0012
7.98762,-0.0012
7.98766,-0.0012
7.9877,-0.0012
7.98775,-0.0013
7.98779,-0.0013
7.98783,-0.0013
7.98787,-0.0014
7.98792,-0.0014
7.98796,-0.0014
7.988,-0.0014
7.98804,-0.0013
7.98809,-0.0013
7.98813,-0.0013
7.98817,-0.0013
7.98821,-0.0013
7.98826,-0.0013
7.9883,-0.0013
7.98834,-0.0012
7.98839,-0.0012
7.98843,-0.0012
7.98847,-0.0012
7.98852,-0.0013
7.98856,-0.0013
7.98861,-0.0013
7.98865,-0.0012
7.9887,-0.0012
7.98874,-0.0011
7.98879,-0.0011
8.04599,-0.0011
8.04607,-0.0012
8.04615,-0.0012
8.04622,-0.0012
8.04629,-0.0012
8.04638,-0.0011
8.04643,-0.0011
8.04648,-0.0012
8.04653,-0.0012
8.04657,-0.0012
8.04662,-0.0013
8.04666,-0.0013
8.0467,-0.0012
8.04675,-0.0012
8.04679,-0.0012
8.04683,-0.0012
8.04687,-0.0013
8.04692,-0.0014
8.04696,-0.0014
8.047,-0.0013
8.04705,-0.0013
8.04709,-0.0013
8.04713,-0.0013
8.04718,-0.0012
8.04722,-0.0012
8.04726,-0.0012
8.0473,-0.0012
8.04735,-0.0012
8.04739,-0.0012
8.04744,-0.0012
8.04748,-0.0012
8.04753,-0.0012
8.04757,-0.0012
8.04762,-0.0013
8.04766,-0.0013
8.10521,-0.0013
8.1053,-0.0013
8.10537,-0.0013
8.10549,-0.0013
8.10556,-0.0013
8.10563,-0.0012
8.10571,-0.0012
8.10578,-0.0012
8.10585,-0.0013
8.10592,-0.0013
8.10599,-0.0013
8.10606,-0.0013
8.10613,-0.0013
8.1062,-0.0013
8.10628,-0.0013
8.10635,-0.0013
8.10642,-0.0013
8.10649,-0.0012
8.10656,-0.0012
8.10663,-0.0012
8.1067,-0.0012
8.10677,-0.0011
8.10684,-0.0011
8.10691,-0.0011
8.10698,-0.0011
8.10705,-0.0011
8.10712,-0.0012
8.1072,-0.0012
8.10727,-0.0012
8.10734,-0.0012
8.10741,-0.0012
8.10748,-0.0012
8.10756,-0.0012
8.10763,-0.0012
8.1077,-0.0011
8.10777,-0.0012
8.16416,-0.0012
8.16424,-0.0012
8.16431,-0.0012
8.16438,-0.0012
8.16445,-0.0012
8.16452,-0.0013
8.16459,-0.0013
8.16464,-0.0013
8.16468,-0.0013
8.16472,-0.0013
8.16477,-0.0013
8.16481,-0.0013
8.16485,-0.0013
8.1649,-0.0013
8.16494,-0.0014
8.16498,-0.0014
8.16502,-0.0014
8.16507,-0.0014
8.16511,-0.0013
8.16515,-0.0013
8.1652,-0.0013
8.16524,-0.0013
8.1653,-0.0013
8.16535,-0.0013
8.16587,-0.0013
8.16593,-0.0013
8.16597,-0.0013
8.16602,-0.0014
8.16606,-0.0014
8.16611,-0.0013
8.16615,-0.0013
8.16619,-0.0013
8.16624,-0.0013
8.16628,-0.0014
8.16633,-0.0014
8.22336,-0.0014
8.22344,-0.0013
8.22351,-0.0012
8.22358,-0.0011
8.22366,-0.0012
8.22373,-0.0012
8.2238,-0.0012
8.22387,-0.0012
8.22394,-0.0012
8.22401,-0.0012
8.22409,-0.0011
8.22416,-0.0011
8.22423,-0.0011
8.2243,-0.0012
8.22437,-0.0012
8.22444,-0.0012
8.22451,-0.0012
8.22458,-0.0013
8.22465,-0.0013
8.22472,-0.0013
8.22479,-0.0012
8.22486,-0.0012
8.22493,-0.0012
8.225,-0.0012
8.22508,-0.0012
8.22515,-0.0012
8.22522,-0.0012
8.22529,-0.0013
8.22536,-0.0012
8.22566,-0.0012
8.22572,-0.0012
8.22576,-0.0012
8.22581,-0.0012
8.22585,-0.0012
8.2259,-0.0012
8.22594,-0.0013
8.28231,-0.0012
8.28239,-0.0013
8.28247,-0.0012
8.28254,-0.0012
8.28261,-0.0012
8.28268,-0.0012
8.28275,-0.0012
8.28279,-0.0012
8.28284,-0.0013
8.28288,-0.0013
8.28292,-0.0012
8.28298,-0.0012
8.28303,-0.0011
8.28307,-0.0012
8.28311,-0.0012
8.28316,-0.0012
8.28336,-0.0012
8.28344,-0.0011
8.28351,-0.0012
8.28358,-0.0012
8.28365,-0.0013
8.28381,-0.0013
8.28389,-0.0013
8.28396,-0.0012
8.28403,-0.0012
8.2841,-0.0012
8.28423,-0.0012
8.2843,-0.0012
8.28438,-0.0012
8.28444,-0.0013
8.28449,-0.0013
8.28453,-0.0014
8.28458,-0.0014
8.28462,-0.0013
8.28467,-0.0013
8.34154,-0.0013
8.34162,-0.0013
8.34169,-0.0012
8.34176,-0.0012
8.34183,-0.0012
8.34191,-0.0011
8.34198,-0.0012
8.34205,-0.0012
8.34212,-0.0012
8.3422,-0.0012
8.34227,-0.0012
8.34234,-0.0012
8.34241,-0.0013
8.34248,-0.0013
8.34255,-0.0013
8.34262,-0.0013
8.34269,-0.0013
8.34276,-0.0013
8.34283,-0.0013
8.3429,-0.0014
8.34297,-0.0014
8.34305,-0.0014
8.34312,-0.0014
8.34319,-0.0014
8.34326,-0.0013
8.34333,-0.0012
8.3434,-0.0012
8.34347,-0.0012
8.34355,-0.0012
8.34359,-0.0013
8.34364,-0.0013
8.34368,-0.0013
8.34373,-0.0012
8.34377,-0.0012
8.34381,-0.0012
8.34386,-0.0012
8.40044,-0.0012
8.40052,-0.0012
8.40059,-0.0012
8.40066,-0.0012
8.40073,-0.0013
8.4008,-0.0013
8.40088,-0.0013
8.40095,-0.0013
8.40102,-0.0012
8.40109,-0.0012
8.40116,-0.0012
8.40123,-0.0012
8.4013,-0.0012
8.40142,-0.0012
8.40153,-0.0013
8.40157,-0.0012
8.40162,-0.0012
8.40166,-0.0013
8.4017,-0.0013
8.40175,-0.0014
8.40179,-0.0014
8.40183,-0.0013
8.40188,-0.0012
8.40192,-0.0011
8.40196,-0.0011
8.402,-0.0011
8.40205,-0.0012
8.40209,-0.0013
8.40214,-0.0013
8.40218,-0.0013
8.40223,-0.0013
8.40227,-0.0013
8.40231,-0.0013
8.40236,-0.0013
8.4024,-0.0012
8.45935,-0.0012
8.45943,-0.0012
8.4595,-0.0012
8.45957,-0.0012
8.45964,-0.0012
8.45971,-0.0013
8.45978,-0.0012
8.45985,-0.0012
8.45992,-0.0012
8.45999,-0.0012
8.46006,-0.0012
8.46013,-0.0012
8.4602,-0.0012
8.46028,-0.0013
8.46035,-0.0013
8.46042,-0.0013
8.46049,-0.0013
8.46056,-0.0013
8.46063,-0.0013
8.4607,-0.0013
8.46077,-0.0012
8.46084,-0.0012
8.46091,-0.0011
8.46098,-0.0011
8.46106,-0.0012
8.46113,-0.0013
8.4612,-0.0013
8.46127,-0.0013
8.46134,-0.0013
8.46147,-0.0013
8.46154,-0.0013
8.46162,-0.0013
8.46169,-0.0013
8.46176,-0.0013
8.46183,-0.0013
8.51857,-0.0013
8.51865,-0.0013
8.51873,-0.0012
8.5188,-0.0012
8.51886,-0.0012
8.51891,-0.0012
8.51895,-0.0013
8.519,-0.0012
8.51904,-0.0012
8.51908,-0.0012
8.51913,-0.0012
8.51917,-0.0013
8.51921,-0.0013
8.51926,-0.0013
8.5193,-0.0012
8.51934,-0.0012
8.51938,-0.0012
8.51943,-0.0013
8.51947,-0.0013
8.51951,-0.0014
8.51956,-0.0014
8.5196,-0.0013
8.51964,-0.0013
8.51969,-0.0013
8.51973,-0.0013
8.51977,-0.0012
8.51981,-0.0012
8.51986,-0.0012
8.5199,-0.0012
8.51995,-0.0012
8.51999,-0.0012
8.52004,-0.0013
8.52008,-0.0012
8.52013,-0.0012
8.52017,-0.0012
8.52021,-0.0012
8.57751,-0.0013
8.5776,-0.0013
8.57767,-0.0013
8.57775,-0.0012
8.57782,-0.0012
8.57789,-0.0012
8.57796,-0.0012
8.57803,-0.0013
8.57811,-0.0013
8.57818,-0.0014
8.57825,-0.0014
8.57832,-0.0013
8.57839,-0.0012
8.57846,-0.0012
8.57853,-0.0012
8.5786,-0.0012
8.57867,-0.0012
8.57874,-0.0012
8.57881,-0.0012
8.57888,-0.0013
8.57896,-0.0013
8.57903,-0.0013
8.5791,-0.0013
8.57917,-0.0013
8.57924,-0.0013
8.57931,-0.0013
8.57938,-0.0012
8.57945,-0.0012
8.57952,-0.0012
8.5796,-0.0012
8.57967,-0.0013
8.57974,-0.0013
8.57981,-0.0013
8.57989,-0.0012
8.57996,-0.0012
8.63674,-0.0012
8.63683,-0.0012
8.6369,-0.0012
8.63697,-0.0013
8.63705,-0.0012
8.63712,-0.0012
8.63719,-0.0012
8.63726,-0.0013
8.63733,-0.0013
8.63743,-0.0013
8.63751,-0.0013
8.63758,-0.0013
8.63765,-0.0013
8.63772,-0.0013
8.63779,-0.0013
8.63787,-0.0013
8.63794,-0.0012
8.63801,-0.0012
8.63808,-0.0012
8.63815,-0.0012
8.63822,-0.0012
8.63829,-0.0012
8.63837,-0.0012
8.63844,-0.0012
8.63851,-0.0011
8.63858,-0.0011
8.63865,-0.0012
8.63872,-0.0012
8.63879,-0.0012
8.63886,-0.0012
8.63894,-0.0011
8.63901,-0.0011
8.63908,-0.0011
8.63915,-0.0012
8.63923,-0.0012
8.6393,-0.0012
8.69563,-0.0012
8.6957,-0.0012
8.69577,-0.0012
8.69583,-0.0012
8.6959,-0.0012
8.69596,-0.0012
8.69603,-0.0012
8.69609,-0.0012
8.69616,-0.0011
8.69622,-0.0012
8.69628,-0.0012
8.69635,-0.0013
8.69641,-0.0013
8.69647,-0.0013
8.69654,-0.0013
8.6966,-0.0013
8.69667,-0.0013
8.69673,-0.0012
8.6968,-0.0012
8.69686,-0.0012
8.69692,-0.0012
8.69699,-0.0013
8.69705,-0.0013
8.69711,-0.0013
8.69718,-0.0013
8.69724,-0.0013
8.69731,-0.0012
8.69737,-0.0012
8.6975,-0.0012
8.69757,-0.0012
8.69763,-0.0012
8.6977,-0.0012
8.69776,-0.0012
8.69783,-0.0013
8.69789,-0.0013
8.75491,-0.0014
8.75501,-0.0014
8.75509,-0.0014
8.75516,-0.0014
8.75521,-0.0013
8.75526,-0.0012
8.75531,-0.0012
8.75536,-0.0013
8.75541,-0.0013
8.75546,-0.0013
8.75551,-0.0012
8.75556,-0.0012
8.7556,-0.0013
8.75565,-0.0013
8.7557,-0.0012
8.75575,-0.0012
8.7558,-0.0012
8.75585,-0.0012
8.7559,-0.0013
8.75594,-0.0012
8.75599,-0.0012
8.75604,-0.0012
8.75609,-0.0012
8.75614,-0.0012
8.75619,-0.0013
8.75624,-0.0013
8.75629,-0.0012
8.75634,-0.0011
8.75639,-0.0011
8.75644,-0.0011
8.75649,-0.0011
8.75654,-0.0011
8.75659,-0.0011
8.75664,-0.0011
8.75669,-0.0012
8.75674,-0.0012
8.81382,-0.0012
8.81391,-0.0012
8.81399,-0.0011
8.81407,-0.0011
8.81415,-0.0011
8.81423,-0.0011
8.8143,-0.0012
8.81436,-0.0012
8.8144,-0.0012
8.81445,-0.0012
8.8145,-0.0012
8.81455,-0.0012
8.8146,-0.0011
8.81465,-0.0011
8.81469,-0.0012
8.81474,-0.0012
8.81479,-0.0012
8.81484,-0.0011
8.81489,-0.0011
8.81494,-0.0011
8.81498,-0.0011
8.81503,-0.0012
8.81508,-0.0013
8.81513,-0.0014
8.81518,-0.0014
8.81523,-0.0014
8.81527,-0.0014
8.81532,-0.0013
8.81537,-0.0013
8.81542,-0.0012
8.81547,-0.0012
8.81553,-0.0012
8.81558,-0.0012
8.81563,-0.0012
8.81568,-0.0012
8.87272,-0.0011
8.8728,-0.0011
8.87288,-0.0011
8.87295,-0.0012
8.87302,-0.0012
8.87309,-0.0012
8.87317,-0.0011
8.87324,-0.0011
8.87331,-0.0012
8.87343,-0.0012
8.87351,-0.0012
8.87358,-0.0012
8.87365,-0.0012
8.87372,-0.0012
8.8738,-0.0012
8.87387,-0.0012
8.87394,-0.0012
8.87413,-0.0012
8.87421,-0.0012
8.87428,-0.0012
8.87435,-0.0012
8.87447,-0.0012
8.87462,-0.0012
8.87468,-0.0012
8.87473,-0.0012
8.87477,-0.0012
8.87481,-0.0012
8.87486,-0.0012
8.8749,-0.0011
8.87495,-0.0012
8.87509,-0.0012
8.87516,-0.0012
8.87523,-0.0012
8.8753,-0.0012
8.87538,-0.0012
8.93191,-0.0012
8.932,-0.0012
8.93208,-0.0013
8.93215,-0.0014
8.93222,-0.0014
8.93229,-0.0014
8.93236,-0.0013
8.93243,-0.0012
8.9325,-0.0012
8.93258,-0.0013
8.93265,-0.0013
8.93272,-0.0013
8.93279,-0.0013
8.93286,-0.0012
8.93293,-0.0012
8.933,-0.0013
8.93307,-0.0013
8.93314,-0.0012
8.93321,-0.0012
8.93328,-0.0012
8.93335,-0.0012
8.93347,-0.0012
8.93354,-0.0012
8.93361,-0.0011
8.93369,-0.0011
8.93376,-0.0011
8.93383,-0.0011
8.9339,-0.0012
8.93397,-0.0012
8.93404,-0.0013
8.93412,-0.0013
8.93419,-0.0013
8.93426,-0.0013
8.93433,-0.0013
8.9344,-0.0012
8.93445,-0.0012
8.99086,-0.0012
8.99094,-0.0012
8.99101,-0.0012
8.99108,-0.0012
8.99115,-0.0012
8.99122,-0.0011
8.99129,-0.0011
8.99134,-0.0011
8.99138,-0.0012
8.99142,-0.0012
8.99147,-0.0012
8.99151,-0.0013
8.99155,-0.0012
8.9916,-0.0012
8.99164,-0.0012
8.99168,-0.0012
8.99173,-0.0012
8.99177,-0.0012
8.99181,-0.0011
8.99186,-0.0012
8.9919,-0.0012
8.99194,-0.0013
8.99199,-0.0013
8.99203,-0.0012
8.99207,-0.0012
8.99212,-0.0011
8.99216,-0.0011
8.99221,-0.0012
8.99225,-0.0013
8.99229,-0.0013
8.99234,-0.0013
8.99238,-0.0012
8.99243,-0.0012
8.99247,-0.0011
8.99252,-0.0011
9.05008,-0.0011
9.05016,-0.0012
9.05023,-0.0012
9.0503,-0.0013
9.05038,-0.0013
9.05045,-0.0013
9.05052,-0.0013
9.05059,-0.0013
9.05066,-0.0013
9.05073,-0.0013
9.0508,-0.0013
9.05087,-0.0013
9.05094,-0.0013
9.05101,-0.0013
9.05109,-0.0012
9.05116,-0.0012
9.05123,-0.0012
9.0513,-0.0012
9.05137,-0.0012
9.05145,-0.0012
9.05152,-0.0011
9.05159,-0.0011
9.05166,-0.0011
9.05173,-0.0011
9.0518,-0.0012
9.05187,-0.0012
9.05194,-0.0012
9.05202,-0.0012
9.05209,-0.0012
9.05216,-0.0012
9.05223,-0.0012
9.0523,-0.0013
9.05238,-0.0013
9.05245,-0.0013
9.05252,-0.0013
9.05259,-0.0013
9.10903,-0.0013
9.10911,-0.0013
9.10919,-0.0013
9.10927,-0.0013
9.10935,-0.0013
9.10948,-0.0013
9.10956,-0.0013
9.10964,-0.0012
9.10972,-0.0012
9.1098,-0.0012
9.10988,-0.0013
9.10996,-0.0013
9.11004,-0.0013
9.11012,-0.0013
9.1102,-0.0013
9.11028,-0.0013
9.11036,-0.0013
9.11044,-0.0012
9.11052,-0.0012
9.1106,-0.0012
9.11068,-0.0013
9.11076,-0.0013
9.11084,-0.0012
9.11092,-0.0012
9.111,-0.0012
9.11108,-0.0011
9.11116,-0.0011
9.11124,-0.0012
9.11132,-0.0012
9.11141,-0.0013
9.11149,-0.0013
9.11157,-0.0013
9.11165,-0.0013
9.11173,-0.0013
9.11181,-0.0012
9.16822,-0.0012
9.1683,-0.0012
9.16837,-0.0012
9.16844,-0.0013
9.16851,-0.0013
9.16858,-0.0013
9.16863,-0.0012
9.16867,-0.0012
9.16871,-0.0012
9.16876,-0.0012
9.1688,-0.0013
9.16884,-0.0013
9.16889,-0.0013
9.16893,-0.0012
9.16897,-0.0012
9.16901,-0.0012
9.16906,-0.0011
9.1691,-0.0011
9.16914,-0.0011
9.16919,-0.0011
9.16923,-0.0011
9.16927,-0.0011
9.16932,-0.0011
9.16936,-0.0011
9.16946,-0.0012
9.16951,-0.0012
9.16955,-0.0012
9.1696,-0.0012
9.16964,-0.0012
9.16969,-0.0012
9.16973,-0.0013
9.16978,-0.0013
9.16982,-0.0012
9.16987,-0.0012
9.16991,-0.0012
9.16995,-0.0012
9.22713,-0.0013
9.22721,-0.0013
9.22728,-0.0013
9.22735,-0.0013
9.22742,-0.0013
9.22749,-0.0013
9.22757,-0.0013
9.22764,-0.0013
9.22771,-0.0013
9.22778,-0.0013
9.22785,-0.0012
9.22792,-0.0012
9.22799,-0.0013
9.22806,-0.0013
9.22813,-0.0013
9.2282,-0.0012
9.22827,-0.0012
9.22834,-0.0012
9.22842,-0.0012
9.22849,-0.0012
9.22856,-0.0012
9.22863,-0.0011
9.2287,-0.0011
9.22878,-0.001
9.22885,-0.001
9.22892,-0.0011
9.22899,-0.0011
9.22931,-0.0012
9.22941,-0.0013
9.22946,-0.0013
9.22951,-0.0013
9.22955,-0.0013
9.2296,-0.0012
9.22964,-0.0012
9.22969,-0.0012
9.28606,-0.0012
9.28654,-0.0013
9.2866,-0.0013
9.28665,-0.0013
9.28669,-0.0013
9.28673,-0.0013
9.28677,-0.0013
9.28681,-0.0013
9.28684,-0.0013
9.28688,-0.0013
9.28692,-0.0013
9.28696,-0.0013
9.287,-0.0013
9.28704,-0.0013
9.28708,-0.0013
9.28712,-0.0013
9.28716,-0.0013
9.2872,-0.0013
9.28724,-0.0013
9.28728,-0.0013
9.28732,-0.0013
9.28737,-0.0012
9.28742,-0.0012
9.28746,-0.0012
9.2875,-0.0012
9.28754,-0.0013
9.28758,-0.0012
9.28762,-0.0012
9.28766,-0.0012
9.2877,-0.0012
9.28774,-0.0012
9.28781,-0.0012
9.28786,-0.0013
9.28791,-0.0013
9.28795,-0.0013
9.34526,-0.0013
9.34533,-0.0013
9.34542,-0.0013
9.34549,-0.0014
9.34555,-0.0014
9.34562,-0.0013
9.34568,-0.0013
9.34574,-0.0012
9.34581,-0.0012
9.34587,-0.0012
9.34594,-0.0012
9.346,-0.0012
9.34606,-0.0012
9.34613,-0.0012
9.34619,-0.0012
9.34625,-0.0012
9.34632,-0.0012
9.34638,-0.0012
9.34645,-0.0012
9.34651,-0.0013
9.34657,-0.0013
9.34664,-0.0013
9.3467,-0.0013
9.34676,-0.0012
9.34683,-0.0012
9.34689,-0.0012
9.34695,-0.0012
9.34702,-0.0012
9.34709,-0.0012
9.34715,-0.0012
9.34722,-0.0012
9.34728,-0.0012
9.34734,-0.0011
9.34741,-0.0012
9.34747,-0.0012
9.34754,-0.0013
9.40422,-0.0012
9.40431,-0.0012
9.40438,-0.0012
9.40445,-0.0012
9.40453,-0.0012
9.4046,-0.0012
9.40467,-0.0012
9.40474,-0.0011
9.40481,-0.0012
9.40488,-0.0011
9.40495,-0.0011
9.40502,-0.0011
9.40509,-0.0012
9.40516,-0.0012
9.40523,-0.0012
9.40531,-0.0012
9.40541,-0.0012
9.4055,-0.0013
9.40557,-0.0013
9.40564,-0.0013
9.40571,-0.0012
9.40578,-0.0012
9.40585,-0.0012
9.40593,-0.0012
9.406,-0.0012
9.40607,-0.0012
9.40614,-0.0012
9.40621,-0.0012
9.40628,-0.0012
9.40636,-0.0013
9.40643,-0.0013
9.4065,-0.0013
9.40657,-0.0013
9.40664,-0.0013
9.40672,-0.0013
9.46346,-0.0013
9.46354,-0.0013
9.46361,-0.0012
9.46368,-0.0012
9.46376,-0.0012
9.46383,-0.0012
9.4639,-0.0013
9.46397,-0.0013
9.46404,-0.0013
9.46411,-0.0012
9.46418,-0.0012
9.46425,-0.0012
9.46432,-0.0012
9.46439,-0.0013
9.46447,-0.0012
9.46454,-0.0012
9.46461,-0.0013
9.46468,-0.0013
9.46475,-0.0014
9.46482,-0.0014
9.46489,-0.0013
9.46496,-0.0012
9.46503,-0.0012
9.4651,-0.0012
9.46517,-0.0012
9.46524,-0.0013
9.46531,-0.0013
9.46543,-0.0013
9.46551,-0.0013
9.46559,-0.0013
9.46566,-0.0013
9.46573,-0.0013
9.4658,-0.0013
9.46587,-0.0013
9.46595,-0.0012
9.46602,-0.0012
9.5224,-0.0012
9.52249,-0.0012
9.52256,-0.0012
9.52263,-0.0012
9.5227,-0.0012
9.52277,-0.0012
9.52284,-0.0012
9.52291,-0.0012
9.52299,-0.0013
9.52306,-0.0012
9.52313,-0.0013
9.5232,-0.0013
9.52327,-0.0013
9.52334,-0.0013
9.52341,-0.0014
9.52348,-0.0014
9.52355,-0.0014
9.52362,-0.0014
9.52369,-0.0014
9.52376,-0.0014
9.52384,-0.0013
9.52391,-0.0013
9.52398,-0.0013
9.52405,-0.0012
9.52412,-0.0012
9.52419,-0.0011
9.52426,-0.0011
9.52431,-0.0012
9.52435,-0.0012
9.5244,-0.0012
9.52444,-0.0013
9.52449,-0.0012
9.52453,-0.0012
9.52458,-0.0012
9.52462,-0.0012
9.58158,-0.0013
9.58166,-0.0014
9.58174,-0.0014
9.58181,-0.0014
9.58188,-0.0013
9.58195,-0.0013
9.58202,-0.0012
9.58209,-0.0012
9.58216,-0.0011
9.58223,-0.0012
9.5823,-0.0012
9.58237,-0.0012
9.58245,-0.0012
9.58252,-0.0012
9.58259,-0.0012
9.58266,-0.0013
9.58273,-0.0013
9.5828,-0.0014
9.58287,-0.0014
9.58295,-0.0014
9.58301,-0.0013
9.58306,-0.0013
9.5831,-0.0012
9.58314,-0.0013
9.58319,-0.0013
9.58323,-0.0014
9.58327,-0.0014
9.58332,-0.0014
9.58336,-0.0014
9.58341,-0.0013
9.58345,-0.0013
9.5835,-0.0013
9.58354,-0.0013
9.58359,-0.0013
9.58363,-0.0012
9.58368,-0.0012
9.64052,-0.0012
9.6406,-0.0012
9.64067,-0.0013
9.64074,-0.0013
9.64081,-0.0013
9.64088,-0.0013
9.64095,-0.0013
9.64102,-0.0013
9.6411,-0.0012
9.64117,-0.0012
9.64124,-0.0012
9.64131,-0.0012
9.64141,-0.0012
9.64149,-0.0012
9.64156,-0.0012
9.64163,-0.0012
9.6417,-0.0012
9.64176,-0.0013
9.64181,-0.0013
9.64185,-0.0013
9.6419,-0.0013
9.64194,-0.0012
9.64198,-0.0013
9.64202,-0.0013
9.64207,-0.0013
9.64211,-0.0013
9.64215,-0.0013
9.6422,-0.0012
9.64224,-0.0012
9.64229,-0.0012
9.64233,-0.0012
9.64238,-0.0011
9.64242,-0.0011
9.64247,-0.0011
9.64251,-0.0011
9.69942,-0.0011
9.69951,-0.0011
9.69958,-0.0012
9.69965,-0.0012
9.69973,-0.0013
9.6998,-0.0013
9.69987,-0.0013
9.69994,-0.0013
9.70002,-0.0013
9.70009,-0.0012
9.70016,-0.0012
9.70023,-0.0012
9.7003,-0.0012
9.70037,-0.0012
9.70044,-0.0012
9.70051,-0.0012
9.70058,-0.0012
9.70065,-0.0012
9.70072,-0.0012
9.70079,-0.0012
9.70086,-0.0012
9.70093,-0.0013
9.701,-0.0013
9.70107,-0.0014
9.70115,-0.0014
9.70122,-0.0014
9.70129,-0.0014
9.70136,-0.0014
9.70148,-0.0013
9.70155,-0.0012
9.70162,-0.0012
9.7017,-0.0012
9.70177,-0.0013
9.70184,-0.0013
9.70191,-0.0013
9.75864,-0.0013
9.75874,-0.0013
9.75884,-0.0012
9.75891,-0.0012
9.759,-0.0013
9.75907,-0.0012
9.75914,-0.0013
9.75921,-0.0013
9.75927,-0.0012
9.75932,-0.0012
9.75936,-0.0013
9.75941,-0.0013
9.75945,-0.0013
9.75949,-0.0013
9.75954,-0.0012
9.75958,-0.0012
9.75962,-0.0012
9.75967,-0.0012
9.75971,-0.0012
9.75975,-0.0013
9.75979,-0.0012
9.75984,-0.0012
9.75988,-0.0012
9.75992,-0.0011
9.75997,-0.0011
9.76001,-0.0012
9.76005,-0.0012
9.7601,-0.0013
9.76014,-0.0013
9.76019,-0.0013
9.76023,-0.0013
9.76028,-0.0013
9.76032,-0.0013
9.76036,-0.0013
9.76041,-0.0012
9.76045,-0.0012
9.81755,-0.0012
9.81763,-0.0011
9.8177,-0.0012
9.81777,-0.0013
9.81784,-0.0013
9.81792,-0.0013
9.81799,-0.0013
9.81806,-0.0012
9.81813,-0.0012
9.8182,-0.0012
9.81827,-0.0012
9.81834,-0.0012
9.81841,-0.0012
9.81848,-0.0012
9.81855,-0.0012
9.81862,-0.0012
9.81869,-0.0013
9.81876,-0.0012
9.81884,-0.0012
9.81891,-0.0012
9.81898,-0.0012
9.81905,-0.0012
9.81912,-0.0012
9.81919,-0.0013
9.81926,-0.0013
9.81933,-0.0013
9.8194,-0.0013
9.81947,-0.0013
9.81954,-0.0013
9.81962,-0.0012
9.81969,-0.0012
9.81976,-0.0012
9.81983,-0.0012
9.8199,-0.0012
9.81997,-0.0012
9.87682,-0.0012
9.87691,-0.0011
9.87699,-0.0012
9.87707,-0.0012
9.87716,-0.0012
9.87724,-0.0012
9.87732,-0.0012
9.87742,-0.0013
9.87751,-0.0013
9.87759,-0.0013
9.87767,-0.0013
9.87775,-0.0013
9.87783,-0.0013
9.87791,-0.0013
9.87799,-0.0012
9.87807,-0.0012
9.87815,-0.0012
9.87823,-0.0013
9.87831,-0.0013
9.87838,-0.0012
9.87846,-0.0012
9.87854,-0.0011
9.87862,-0.0011
9.8787,-0.0012
9.87878,-0.0012
9.87886,-0.0013
9.87894,-0.0013
9.87902,-0.0013
9.87956,-0.0012
9.87961,-0.0012
9.87966,-0.0012
9.87972,-0.0012
9.87977,-0.0012
9.87982,-0.0012
9.87987,-0.0012
9.87992,-0.0013
9.93574,-0.0013
9.93583,-0.0013
9.93591,-0.0013
9.93599,-0.0012
9.93607,-0.0013
9.93615,-0.0013
9.93623,-0.0014
9.93631,-0.0014
9.93639,-0.0014
9.93647,-0.0014
9.93655,-0.0014
9.93663,-0.0013
9.93671,-0.0012
9.9368,-0.0012
9.93688,-0.0012
9.93695,-0.0012
9.93703,-0.0011
9.93711,-0.0011
9.93719,-0.0012
9.93727,-0.0011
9.93735,-0.0012
9.93748,-0.0011
9.93756,-0.0011
9.93764,-0.0011
9.93772,-0.0011
9.93781,-0.0011
9.93789,-0.0012
9.93797,-0.0012
9.93805,-0.0013
9.93813,-0.0013
9.93822,-0.0013
9.9383,-0.0013
9.93838,-0.0013
9.93846,-0.0013
9.93854,-0.0013
9.99493,-0.0013
9.99528,-0.0012
9.99536,-0.0012
9.99543,-0.0012
9.99551,-0.0012
9.99558,-0.0012
9.99565,-0.0012
9.99572,-0.0012
9.99606,-0.0012
9.99614,-0.0012
9.99621,-0.0012
9.99626,-0.0013
9.9963,-0.0013
9.99634,-0.0013
9.99639,-0.0013
9.99643,-0.0012
9.99648,-0.0012
9.99652,-0.0013
9.99656,-0.0013
9.9966,-0.0014
9.99665,-0.0013
9.99669,-0.0013
9.99673,-0.0014
9.99678,-0.0014
9.99682,-0.0014
9.99686,-0.0013
9.99691,-0.0013
9.99695,-0.0012
9.99699,-0.0013
9.99704,-0.0013
9.99708,-0.0013
9.99713,-0.0013
9.99717,-0.0013
9.99722,-0.0013
9.99726,-0.0013
9.99731,-0.0013
